Group,Desc,Text,long,lat,Club,Icon
Standpladser,Slagtermesterens høl,NA,8.99798,56.41483,NA,fish.png
Standpladser,Grønbæks lille høl,NA,8.999224,56.415127,NA,fish.png
Standpladser,Grønbæks store høl,NA,9.001268,56.418139,NA,fish.png
Standpladser,S svinget,NA,8.998141,56.420151,NA,fish.png
Standpladser,Røjbæk høl,NA,8.99924,56.413296,NA,fish.png
Standpladser,Æbletræet,NA,9.004948,56.409177,NA,fish.png
Standpladser,Bette Niels' høl,"9/12-2012: Flyttet (indrapporteret af Jakob Larsen): Har talt med Hagebro Lasse, han peger på svinget opstrøms Æbletræet som Bette Niels.",9.005667,56.40907,NA,fish.png
Standpladser,Alknuden,NA,9.004691,56.40831,NA,fish.png
Standpladser,De 3 grøfter,NA,9.004573,56.40736,NA,fish.png
Standpladser,Vormstrup svingene,NA,9.031749,56.402599,NA,fish.png
Standpladser,Holmegaards store høl,NA,8.999412,56.430931,NA,fish.png
Standpladser,Dueholm leg,Indberettet af Birgitte Windfeld-Hansen,8.99673,56.428618,NA,fish.png
Standpladser,Busken,NA,8.9957,56.425366,NA,fish.png
Standpladser,Enghøllet,NA,8.994906,56.42418,NA,fish.png
Standpladser,Severins høl,NA,8.996665,56.423687,NA,fish.png
Standpladser,Sommerhus høllet,NA,8.99526,56.4225,NA,fish.png
Standpladser,Flænget,NA,8.996279,56.421474,NA,fish.png
Standpladser,Besehuset,NA,9.000222,56.444467,NA,fish.png
Standpladser,Møllehøllet,NA,8.995898,56.446091,NA,fish.png
Standpladser,Piletræet,NA,8.987975,56.45074,NA,fish.png
Standpladser,Mejerisvinget,NA,8.985314,56.460594,NA,fish.png
Standpladser,Granhøllet,NA,8.986516,56.458697,NA,fish.png
Standpladser,Det mørke høl,NA,8.983598,56.457772,NA,fish.png
Standpladser,Oddersvinget,NA,8.985572,56.456563,NA,fish.png
Standpladser,Stenhøllet,NA,8.983426,56.454737,NA,fish.png
Standpladser,Faskinesvinget,NA,8.984671,56.467327,NA,fish.png
Standpladser,Åkjær spang,NA,8.983147,56.475161,NA,fish.png
Standpladser,Åkjær svinget,NA,8.982611,56.471997,NA,fish.png
Standpladser,Drikkestedet,NA,8.988383,56.481549,NA,fish.png
Standpladser,Fly gangtræ,NA,8.988576,56.488018,NA,fish.png
Standpladser,Pumpehuset,NA,8.987841,56.490458,NA,fish.png
Standpladser,Nørrekær bro,NA,8.982396,56.514072,NA,fish.png
Standpladser,Estvadsgårds bro,NA,8.996086,56.524442,NA,fish.png
Standpladser,Johnsens bro,NA,9.002824,56.547893,NA,fish.png
Standpladser,Gl jernbane bro,NA,9.005699,56.562439,NA,fish.png
Standpladser,Nørregaards låge,NA,9.034265,56.399803,NA,fish.png
Standpladser,Spang,NA,9.04074,56.399886,NA,fish.png
Standpladser,Ajletønden,NA,9.05856,56.390914,NA,fish.png
Standpladser,Spang ved den store bakke,NA,9.055052,56.393776,NA,fish.png
Standpladser,Den store bakke,NA,9.055567,56.394501,NA,fish.png
Standpladser,Karolines store høl,NA,9.061468,56.389465,NA,fish.png
Standpladser,Karl Mølgaards store høl,NA,9.061446,56.390462,NA,fish.png
Standpladser,Sandhøllet,NA,9.057477,56.392945,NA,fish.png
Standpladser,Flisesvinget,Indberettet af Jacob Østergaard Hansen,9.123566,56.32166,NA,fish.png
Standpladser,Tyskertræet,Indberettet af Jacob Østergaard Hansen,9.123931,56.320916,NA,fish.png
Standpladser,Ålykke,Indberettet af Jacob Østergaard Hansen,9.123322,56.323119,NA,fish.png
Standpladser,Neder torp,Indberettet af Jacob Østergaard Hansen,9.099319,56.361732,NA,fish.png
Standpladser,Buus,Indberettet af Jacob Østergaard Hansen,9.106432,56.351847,NA,fish.png
Standpladser,Hesteskoen,Indberettet af Jacob Østergaard Hansen,9.104276,56.351722,NA,fish.png
Standpladser,Mellem broerne,NA,9.156568,56.306354,NA,fish.png
Standpladser,Holmegårds lille høl,NA,9.001837,56.434479,NA,fish.png
Standpladser,Hønsegården,NA,8.997138,56.432735,NA,fish.png
Standpladser,Jægerbroen,Rester af den gamle jægerbro. Indberettet af Birgitte Windfeld-Hansen,8.995668,56.427811,NA,fish.png
Standpladser,Pælehøllet,NA,8.99666,56.422598,NA,fish.png
Standpladser,Ærtehøllet,NA,8.999814,56.417566,NA,fish.png
Standpladser,Pælesvinget,NA,8.982739,56.466177,NA,fish.png
Standpladser,Faskinhullet,NA,8.98392,56.459811,NA,fish.png
Standpladser,Vridsted bro,NA,9.001966,56.442486,NA,fish.png
Standpladser,Østergaards bakke,NA,9.021342,56.405746,NA,fish.png
Standpladser,Granhøllet,NA,9.026191,56.402089,NA,fish.png
Standpladser,Vormstrup spang,NA,9.026191,56.403056,NA,fish.png
Standpladser,Degnens hul,NA,9.034828,56.400919,NA,fish.png
Standpladser,Legendens hul,NA,9.043057,56.39874,NA,fish.png
Standpladser,Koldkur svingene,NA,9.052799,56.396721,NA,fish.png
Standpladser,Faskinhøllet,NA,9.056661,56.392387,NA,fish.png
Standpladser,Svends bløde,NA,9.060556,56.388705,NA,fish.png
Standpladser,Okkerhullet,NA,9.061575,56.388111,NA,fish.png
Standpladser,Güntzels bue,NA,9.06297,56.388146,NA,fish.png
Standpladser,Tandlægehullet,NA,9.063656,56.387837,NA,fish.png
Standpladser,Det sorte hul,NA,9.063978,56.384488,NA,fish.png
Standpladser,Pælehullet,NA,9.065373,56.385189,NA,fish.png
Standpladser,Spang,NA,9.062508,56.387018,NA,fish.png
Standpladser,Møllerens anden,NA,9.06739,56.38166,NA,fish.png
Standpladser,Møllerens tredje,NA,9.066081,56.38311,NA,fish.png
Standpladser,Møllerens første,NA,9.070501,56.381042,NA,fish.png
Standpladser,Sommerhussvinget,NA,9.073977,56.380092,NA,fish.png
Standpladser,Spang,NA,9.073237,56.380306,NA,fish.png
Standpladser,Store leg,NA,9.072797,56.378637,NA,fish.png
Standpladser,Transformer hullet,NA,9.076821,56.37607,NA,fish.png
Standpladser,Forhåbningshullet,NA,9.076231,56.375553,NA,fish.png
Standpladser,Grødehullet,9/12-2012: Flyttet (indberettet af Jakob Larsen),9.075608,56.373129,NA,fish.png
Standpladser,Postens gamle bro,9/12-2012: Flyttet (indberettet af Jakob Larsen),9.077239,56.372072,NA,fish.png
Standpladser,Mejerihullet,NA,9.074728,56.370687,NA,fish.png
Standpladser,Spang,NA,9.076842,56.371228,NA,fish.png
Standpladser,Mergelhullet,NA,9.080576,56.36976,NA,fish.png
Standpladser,Spang,NA,9.080501,56.369012,NA,fish.png
Standpladser,Den gamle vandmølle,NA,9.077657,56.368489,NA,fish.png
Standpladser,Poplerne,NA,9.084588,56.368328,NA,fish.png
Standpladser,Det grønne sommerhus,NA,9.085103,56.368245,NA,fish.png
Standpladser,Skiltehullet,NA,9.088022,56.366789,NA,fish.png
Standpladser,Halvøen,NA,9.104801,56.351722,NA,fish.png
Standpladser,Aksels sving,NA,9.10611,56.35193,NA,fish.png
Standpladser,Margrethes hus,NA,9.106861,56.342275,NA,fish.png
Standpladser,Sløjfen,NA,9.109222,56.340021,NA,fish.png
Standpladser,Karlos eng,NA,9.108138,56.339147,NA,fish.png
Standpladser,Buen,NA,9.11023,56.339028,NA,fish.png
Standpladser,Børges skrammel,NA,9.108514,56.338118,NA,fish.png
Standpladser,Den sikre,NA,9.114039,56.33499,NA,fish.png
Standpladser,Den store hestesko,NA,9.113106,56.334609,NA,fish.png
Standpladser,Stryget,NA,9.116067,56.33389,NA,fish.png
Standpladser,Digesvinget,NA,9.117343,56.331754,NA,fish.png
Standpladser,Sandskrænten,NA,9.115906,56.331743,NA,fish.png
Standpladser,Spang,NA,8.997105,56.429819,NA,fish.png
Standpladser,S-svinget,9/12-2012: Indberettet af Jakob Larsen,8.986216,56.49413,NA,fish.png
Standpladser,Røjbæk Spang,9/12-2012: Indberettet af Jakob Larsen,9.000506,56.413854,NA,fish.png
Standpladser,Pumpen,9/12-2012: Indrapporteret af Jakob Larsen,9.001215,56.409738,NA,fish.png
Standpladser,Brittas hul,NA,9.005919,56.40891,NA,fish.png
Standpladser,Rosgaardsvinget,"(Andre forslag er også velkomne jvf. nedenstående)<br>12/12-2012: Forslag til navn af Jakob Larsen: Hvis man kommer så langt at nye navne skal med synes jeg ""Rosgaardsvinget"" passer fint til første sving nedstrøms Hagebro til ære for den lodsejer som i en menneskealder satte sit præg på området.",9.007255,56.407586,NA,fish.png
Standpladser,Jernbanebroen,NA,9.15792,56.305956,NA,fish.png
Standpladser,Bestyrelsessvinget,NA,9.155828,56.305857,NA,fish.png
Standpladser,Landevejsbroen,NA,9.154873,56.3062,NA,fish.png
Standpladser,Pensionisten,I tidernes morgen var der en bænk her til pensionister.,9.153446,56.306253,NA,fish.png
Standpladser,Brillesvinget,"En gang da Jim og Flakker var ude at rydde kom Jim til at svinge en gren op i Flakker, som mistede sine briller, der først blev fundet efter 3 dage.",9.153001,56.306883,NA,fish.png
Standpladser,Giraffen (området),Der var en gang en fisker der affiskede dette område. Efter at have gjort dette fik han altid en giraføl. Heraf navnet giraffen.,9.151735,56.307054,NA,fish.png
Standpladser,Udløbet,NA,9.152336,56.308167,NA,fish.png
Standpladser,Tage Hermansen,Fangede engang en fisk på 9 kg her.,9.151826,56.30861,NA,fish.png
Standpladser,Fomsgaards hul,NA,9.151295,56.308589,NA,fish.png
Standpladser,Gennembruddet,Svinget var engang meget større.,9.150136,56.308134,NA,fish.png
Standpladser,Lindeberg svinget,Opkaldt efter lodsejeren,9.150329,56.30903,NA,fish.png
Standpladser,Tømrerland,Pga. at der kun er tømreren der kan gå der (han vejer sgu ikke meget).,9.149364,56.309354,NA,fish.png
Standpladser,Militærerets bænk,"Området benævnes ofte ""mili""",9.147754,56.309598,NA,fish.png
Standpladser,Rosgaard stykket,NA,9.0095562,56.4065145,NA,fish.png
Standpladser,Elletræet,NA,9.146317,56.310892,NA,fish.png
Standpladser,Gallehøj slut,NA,9.140008,56.315671,NA,fish.png
Standpladser,Gallehøj,NA,9.146563,56.311654,NA,fish.png
Standpladser,Det gamle gennembrud,Der har engang været et stort sving her.,9.140614,56.31524,NA,fish.png
Standpladser,Det store sving,NA,9.14158,56.314139,NA,fish.png
Standpladser,Det røde sommerhus,NA,9.138699,56.31795,NA,fish.png
Standpladser,Spisekammeret,NA,9.008793,56.4056948,NA,fish.png
Standpladser,Faskinesvinget,NA,9.143023,56.311696,NA,fish.png
Standpladser,Høj skrænt svinget,NA,9.1443,56.311919,NA,fish.png
Standpladser,Den røde sump,NA,9.148065,56.310512,NA,fish.png
Shelter,Nørkærbro Shelterplads,Info https://udinaturen.dk/shelter/122064,8.9831771,56.5146814,NA,shelter.png
Shelter,Shelterplads Vridsted,Info https://udinaturen.dk/shelter/131229,9.0027805,56.4427688,NA,shelter.png
Shelter,Fårbæk shelterplads,Info https://udinaturen.dk/shelter/103322,9.0742787,56.3721201,NA,shelter.png
Sten,Gjaldbæk Stenen,NA,8.6305429,55.9396742,NA,rock.png
Sten,Møllers Rock,NA,8.5761015,55.942458,NA,rock.png
Sten,Øvre mose,NA,8.6016281,55.9406051,NA,rock.png
Sten,Skellet,NA,8.638865,55.9401966,NA,rock.png
Sten,Ved Rusen,NA,8.6480962,55.9439263,NA,rock.png
Sten,Shriffen,NA,8.6529027,55.9456186,NA,rock.png
Sten,Kyllingerne,NA,8.6665603,55.9560114,NA,rock.png
Sten,Hønens Plads,NA,8.6668165,55.9562975,NA,rock.png
Sten,Søren Larsens sten,NA,8.5922296,55.942618,NA,rock.png
Sten,Lågerne,NA,8.5908719,55.9416698,NA,rock.png
Sten,Gyvlen,NA,8.6410204,55.9419213,NA,rock.png
Sten,Egekrattet,NA,8.6820679,55.9593616,NA,rock.png
Sten,Perlerne,NA,8.7177773,55.9539757,NA,rock.png
Sten,Perlerne,NA,8.7176405,55.9541815,NA,rock.png
Sten,Perlerne,NA,8.7176003,55.9543677,NA,rock.png
Sten,Perlerne,NA,8.7179436,55.953755,NA,rock.png
Standpladser,Gjaldbæk sving,NA,8.6268618,55.9378718,NA,fish.png
Standpladser,Trampestien,"På denne strækning ned mod Gjaldbæk Bro er der lagt store sten ud i vandet. De er fine standpladser, og der gøres hvert år fine fangster netop her. Kan fiskes fra begge bredder, men er nok bedst fra sydsiden.",8.6337604,55.9396551,NA,fish.png
Standpladser,Lille Norge,NA,8.6218415,55.9392078,NA,fish.png
Standpladser,Store Sving for Sønden,NA,8.6196206,55.9383185,NA,fish.png
Standpladser,Nudisten,NA,8.6157754,55.9396858,NA,fish.png
Standpladser,Sølle Sving,NA,8.6168805,55.9400944,NA,fish.png
Standpladser,Lille sving,NA,8.614606,55.9392231,NA,fish.png
Standpladser,Ved Båden,NA,8.6132541,55.941206,NA,fish.png
Standpladser,Geddehullet,NA,8.6093489,55.9391875,NA,fish.png
Standpladser,Sving for Norden,NA,8.6071634,55.9414507,NA,fish.png
Standpladser,Kodbøl sving,NA,8.6050468,55.9397835,NA,fish.png
Standpladser,Kodbøl-Reden,NA,8.5982508,55.9401865,NA,fish.png
Standpladser,Laksetrappen,NA,8.6058414,55.9409676,NA,fish.png
Standpladser,Under trådene,NA,8.5833652,55.9402244,NA,fish.png
Standpladser,Æ pynt,NA,8.5849779,55.9399275,NA,fish.png
Standpladser,Lågerne,NA,8.5860105,55.9399411,NA,fish.png
Standpladser,Nedre mose,NA,8.5932423,55.9428751,NA,fish.png
Standpladser,Ved øen,NA,8.5730571,55.9410862,NA,fish.png
Standpladser,Ingenørsvinget,NA,8.5747859,55.938161,NA,fish.png
Standpladser,Olafs knold,"Her landede Olaf Solberg i 2012 Danmarks største fluefangede laks. Den vejede 20,4 kilo og målte 121 centimeter. Kig forbi Laksens Hus og se, hvor stor sådan en moppedreng er: Fisken blev nemlig udstoppet og er udstillet her.",8.640649,55.9411144,NA,fish.png
Standpladser,Faskinerne,NA,8.6593591,55.9480251,NA,fish.png
Standpladser,Skobæk,NA,8.6682327,55.9577637,NA,fish.png
Standpladser,Grusgraven,NA,8.676882,55.9604516,NA,fish.png
Standpladser,Sammenløbet,NA,8.6848119,55.9598977,NA,fish.png
Standpladser,Dinesens høl,NA,8.7036307999999991,55.9562304,NA,fish.png
Standpladser,Pumpen,De store sten lige nedstrøms pumpen holder ofte laks.,8.7123512,55.9554762,NA,fish.png
Standpladser,Landevejssvinget,NA,8.7169327,55.956692,NA,fish.png
Standpladser,Theodors plads,NA,8.7177802,55.9559502,NA,fish.png
Standpladser,Gåsesvinget,NA,8.7184829,55.9534545,NA,fish.png
Standpladser,Tranformatoren,Betegnelsen for HI-LFs stykke der hvert år kaster laks fra sig.,8.8102911,55.9457192,NA,fish.png
Standpladser,Betonbroen,NA,8.9445492,55.9920303,NA,fish.png
Standpladser,Ved søerne,NA,8.941073,55.9908061,NA,fish.png
Standpladser,Hjølund bæk,"Skjern Å-laksen blev reddet takket være nogle få vilde gydelaks, der blev fanget ved elfiskeri tilbage i begyndelsen af 1980’erne. Deres afkom kom til verden i et klækkeri, og i 1984 blev den første lakseyngel sat ud netop her i Hjøllund Bæk. Bækkens udløb i Skjern Å er en velkendt lakseplads.",8.9376073,55.9904267,NA,fish.png
Standpladser,Ingemans sving,NA,8.9366557,55.987818,NA,fish.png
Standpladser,Bautastenen,"En klar markering i området, men gode laksesving",8.9303092,55.9847382,NA,fish.png
Standpladser,Hesteskoen,Indgangen til hesteskoen.,8.9205897,55.9789453,NA,fish.png
Standpladser,Forvirringen,"En betegnelse for området, med de mange tilløb.",8.9624236,55.9955838,NA,fish.png
Standpladser,69’eren,"Betegnelsen for buen ved Skjernvej 69, som kun kan fiskes fra nordsiden.",8.9513748,55.9913922,NA,fish.png
Standpladser,Kyvling,Her er åen dyb og strømmen hurtig. Laks kan stille sig rundt i hele det store sving. Fin plads for både spinne- og fluefiskeren.,8.478123,55.9145705,NA,fish.png
Standpladser,Råddensig,Særligt strækningen lige opstrøms Råddensig Bæk er interessant. Fiskes lettest fra sydsiden.,8.539484,55.9287965,NA,fish.png
Standpladser,Laksesvinget,Vandet løber med fuld fart gennem et sving fyldt med store alknuder. En drøm af en lakseplads,8.9177388,55.978491,NA,fish.png
Standpladser,70eren',NA,8.4277338,55.9116832,NA,fish.png
Standpladser,Lange Svend,NA,8.4942469,55.9278344,NA,fish.png
Standpladser,Starksvinget,NA,8.5234739,55.9251534,NA,fish.png
Standpladser,Pensionisten,NA,8.5352684,55.9296965,NA,fish.png
Standpladser,Under diget,NA,8.5674982,55.9333792,NA,fish.png
Standpladser,Pælene,NA,8.5687964,55.9336979,NA,fish.png
Standpladser,Lågen,NA,8.5719077,55.9347226,NA,fish.png
Standpladser,Terkel Krejbjergs sving,NA,8.5726051,55.9355218,NA,fish.png
Standpladser,Smedegårdssvinget,NA,8.5696523,55.9383872,NA,fish.png
Standpladser,Gyvlen,NA,8.6411259,55.9419148,NA,fish.png
Standpladser,Nummer 13,NA,8.64229,55.9433268,NA,fish.png
Standpladser,Under lejren,NA,8.6607427,55.9514912,NA,fish.png
Standpladser,Ågårdstrygene,NA,8.690749,55.9576993,NA,fish.png
Standpladser,Jens Thomsens Sving,NA,8.7283053,55.9523652,NA,fish.png
Standpladser,Boldtvig,NA,8.7282657,55.9500917,NA,fish.png
Standpladser,Pumpen,NA,8.7283194,55.9497868,NA,fish.png
Standpladser,Propellen,NA,8.7291562,55.9492882,NA,fish.png
Standpladser,Home pool,NA,8.7340197,55.9452948,NA,fish.png
Standpladser,Hyttestykket,NA,8.7342125,55.9462294,NA,fish.png
Standpladser,Faskinerne,NA,8.7364011,55.9449347,NA,fish.png
Standpladser,Kaffemøllen,NA,8.7399471,55.9448055,NA,fish.png
Standpladser,Ved bænken,NA,8.7408268,55.9442648,NA,fish.png
Standpladser,Brunkulssvinget,NA,8.7470328,55.9428486,NA,fish.png
Standpladser,Laksesvinget,NA,8.7508757,55.9433095,NA,fish.png
Standpladser,Ved flyvepladsen,NA,8.7540915,55.9436953,NA,fish.png
Standpladser,Det altid sultne træ,NA,8.7569253,55.9423688,NA,fish.png
Standpladser,Odderbanken,NA,8.7596254,55.9406266,NA,fish.png
Standpladser,Drænrøret,NA,8.762305,55.9403631,NA,fish.png
Standpladser,Svalerederne,NA,8.7613276,55.9391737,NA,fish.png
Standpladser,Telekabelet,NA,8.7636142,55.9390141,NA,fish.png
Standpladser,Rensningsanlægget,NA,8.7673872,55.9380561,NA,fish.png
Standpladser,Gennemløbet,NA,8.7683229,55.9382894,NA,fish.png
Standpladser,Sandstranden,NA,8.7696138,55.9409074,NA,fish.png
Standpladser,Mølgaards sving,NA,8.7702039,55.9412439,NA,fish.png
Standpladser,Betonklodsen,NA,8.7721434,55.9403491,NA,fish.png
Standpladser,Overløbsrampen,NA,8.7735311,55.9398723,NA,fish.png
Standpladser,Under Bennedsen,NA,8.774123,55.936576,NA,fish.png
Standpladser,Oles eng,NA,8.7780927,55.9403969,NA,fish.png
Standpladser,Ågade,NA,8.7820657,55.940022,NA,fish.png
Standpladser,Campingpladsen,NA,8.779008,55.9411472,NA,fish.png
Standpladser,Under højspændningen,NA,8.7940634,55.9419555,NA,fish.png
Standpladser,Punkt 93,NA,8.7984807,55.9425686,NA,fish.png
Standpladser,Bulen,NA,8.7960381,55.9418282,NA,fish.png
Standpladser,Drongstrupgård bæk,NA,8.7971841,55.9426313,NA,fish.png
Standpladser,De høje skrænter,NA,8.8082017,55.9438707,NA,fish.png
Standpladser,Bagkanalen,NA,8.8121195,55.9468299,NA,fish.png
Standpladser,Hennings eng,NA,8.8163873,55.9479037,NA,fish.png
Standpladser,Grusgraven,NA,8.8220644,55.9495389,NA,fish.png
Standpladser,Sands,NA,8.8229978,55.949653,NA,fish.png
Standpladser,Lille nap,NA,8.8243469,55.9503621,NA,fish.png
Standpladser,Den store pil,NA,8.826397,55.9502145,NA,fish.png
Standpladser,Stub 1-2-3,NA,8.8268074,55.9501619,NA,fish.png
Standpladser,Æ hus høl,NA,8.8269147,55.9501694,NA,fish.png
Standpladser,7 O’clock,NA,8.8280604,55.9502646,NA,fish.png
Standpladser,Oasen,NA,8.8289321,55.9502496,NA,fish.png
Standpladser,Brohølen,NA,8.8302485,55.9508285,NA,fish.png
Standpladser,Spisekammeret,NA,8.8328478,55.9524566,NA,fish.png
Standpladser,Sommerhus svinget,NA,8.8358058,55.9503141,NA,fish.png
Standpladser,Minds soppen,NA,8.8370589,55.950757,NA,fish.png
Standpladser,Døvling bæk,NA,8.8407251,55.9514161,NA,fish.png
Standpladser,Drøsses hul,NA,8.8415509,55.9520991,NA,fish.png
Standpladser,40 fede meter,NA,8.8463581,55.9523892,NA,fish.png
Standpladser,Karstoft svinget,NA,8.8505745,55.9517855,NA,fish.png
Standpladser,Hesteskoen,NA,8.8474202,55.9514672,NA,fish.png
Standpladser,Den runde eng,NA,8.846557,55.9523618,NA,fish.png
Standpladser,Lyngbakkerne,NA,8.8539492,55.9528548,NA,fish.png
Standpladser,Skovbjerghus,NA,8.8575779,55.9552345,NA,fish.png
Standpladser,Skarildhus,NA,8.8606747,55.956236,NA,fish.png
Standpladser,Oppe v Uffe,NA,8.8615115,55.9566864,NA,fish.png
Standpladser,Højkilde,NA,8.8618227,55.9571129,NA,fish.png
Standpladser,Ågård,NA,8.864807,55.9578941,NA,fish.png
Standpladser,Langager,NA,8.8697718,55.9633164,NA,fish.png
Standpladser,Clasonsborg stykket,NA,8.8742136,55.96522,NA,fish.png
Standpladser,Laksestien,NA,8.8959046,55.974887,NA,fish.png
Standpladser,Skoven,NA,8.8981391,55.9758193,NA,fish.png
Standpladser,Ågård,NA,8.904425,55.9751315,NA,fish.png
Standpladser,Jørn Henriksens sving,NA,8.92212,55.9781199,NA,fish.png
Standpladser,Den høje skrænt,NA,8.9239868,55.9773876,NA,fish.png
Standpladser,Mikkelsens sommerhus,NA,8.9198916,55.9795255,NA,fish.png
Standpladser,Automaten,NA,8.9212219,55.9801138,NA,fish.png
Standpladser,Det døde træ,NA,8.9231317,55.979491,NA,fish.png
Standpladser,Pælene,NA,8.926894,55.9850963,NA,fish.png
Standpladser,Ved pilebusken,NA,8.9294635,55.9856679,NA,fish.png
Standpladser,Bautasvinget,NA,8.9319687,55.9851322,NA,fish.png
Standpladser,Den store sten,NA,8.9375228,55.9891057,NA,fish.png
Standpladser,180eren',NA,8.4269746,55.915681,NA,fish.png
Standpladser,Madsens abore,NA,8.4273394,55.9134112,NA,fish.png
Standpladser,Point 138,NA,8.4333029,55.9090465,NA,fish.png
Standpladser,Lønborg banke,NA,8.4434253,55.9090474,NA,fish.png
Standpladser,Under kirken,NA,8.4462685,55.9108575,NA,fish.png
Standpladser,Whinters,NA,8.4544441,55.9122819,NA,fish.png
Standpladser,Pumpestation sydøst,NA,8.4636668,55.9147937,NA,fish.png
Standpladser,Bøel Enge,NA,8.4667982,55.9171085,NA,fish.png
Standpladser,Balletten,NA,8.4722205,55.9181942,NA,fish.png
Standpladser,Grødepladsen,NA,8.4876367,55.9186986,NA,fish.png
Standpladser,Leveen,NA,8.4911451,55.9236222,NA,fish.png
Standpladser,Fåresvinget,NA,8.5175168,55.928551,NA,fish.png
Standpladser,Gasledningen,NA,8.5269153,55.9267358,NA,fish.png
Standpladser,Halldors hattrick,NA,8.5487806,55.9298253,NA,fish.png
Standpladser,Lundenæs,NA,8.5693138,55.9373374,NA,fish.png
Standpladser,Homepool,NA,8.5786162,55.9424642,NA,fish.png
Standpladser,"Stauning Whiskey 55,94",sten,8.5793036,55.9411067,NA,fish.png
Standpladser,Fandens eng,NA,8.5786975,55.9431764,NA,fish.png
Standpladser,Store Sving fra Nord,NA,8.6239631,55.9399868,NA,fish.png
Standpladser,Sandbanken,NA,8.6580968,55.9476273,NA,fish.png
Standpladser,Den Tørre Grøft,NA,8.6754129,55.9592273,NA,fish.png
Standpladser,Høje Brinke,NA,8.689676,55.9597737,NA,fish.png
Standpladser,Polakkersvinget,NA,8.7150186,55.9562761,NA,fish.png
Standpladser,Vinbæk,NA,8.7284259,55.9514045,NA,fish.png
Standpladser,Færgestedet,NA,8.7424246,55.9443436,NA,fish.png
Standpladser,Murbrokkesvinget,NA,8.7593302,55.94232,NA,fish.png
Standpladser,Lille Mørrum,Frit fiskeri,8.7851873,55.9415809,NA,fish.png
Bro,Borriskrog bro,NA,8.641447,55.935074,NA,bridge.png
Bro,Sønderby spang,NA,8.6486766,55.9445436,NA,bridge.png
Bro,Gjaldbæk bro,NA,8.6364668000000009,55.9392228,NA,bridge.png
Bro,Albæk bro,NA,8.5757746,55.9422536,NA,bridge.png
Bro,Lundnæs Hængebro,NA,8.5581485,55.9313987,NA,bridge.png
Bro,A11,NA,8.512567,55.9293323,NA,bridge.png
Bro,Kong Hans’ bro,NA,8.4990523,55.929348,NA,bridge.png
Bro,Jernbane broen,NA,8.5078171,55.9295958,NA,bridge.png
Bro,Lønborg bro,NA,8.4386634,55.90755,NA,bridge.png
Bro,Sønderskov bro,NA,8.590397,55.9245058,NA,bridge.png
Bro,Ahler bro,NA,8.6931498,55.9642688,NA,bridge.png
Bro,Jernbanebroen,NA,8.6978531,55.9655429,NA,bridge.png
Bro,Den nedlagte jernbanebro,NA,8.792208,55.9409069,NA,bridge.png
Bro,Skarrild bro,NA,8.898888,55.9757919,NA,bridge.png
Bro,Tarp bro,NA,8.8307742,55.9511723,NA,bridge.png
Shelter,Shelter,Info https://udinaturen.dk/shelter/6719,8.8979009,55.975482,NA,shelter.png
Shelter,Shelter,"Tre shelters med vand og toilet, Mere info: https://udinaturen.dk/shelter/6718",8.9629211,55.9954235,NA,shelter.png
Shelter,Shelter,Info https://udinaturen.dk/shelter/119423,8.9678601,56.0028151,NA,shelter.png
Shelter,Shelter,Info https://udinaturen.dk/shelter/3927,8.6622566,55.9516694,NA,shelter.png
Shelter,Shelter,Info https://udinaturen.dk/shelter/3927,8.6608958,55.9518811,NA,shelter.png
Shelter,Shelter,Info https://udinaturen.dk/shelter/103124,8.4113564,55.9195704,NA,shelter.png
Shelter,Shelter,Info https://udinaturen.dk/shelter/103361,8.7711806,55.9448593,NA,shelter.png
Info,Laksens hus,NA,8.5812326,55.9446833,NA,house.png
Parkering og ruter,Parkering,Kør ned ved rensningsanlægget og parker helt nede ved åen.,9.152829,56.308309,MV-LF,park.png
Parkering og ruter,Parkering,Parkering foran fiskehytten.,9.143908,56.314217,MV-LF,park.png
Parkering og ruter,Parkering,Parkering før det røde sommerhus.,9.139391,56.318012,MV-LF,park.png
Parkering og ruter,Parkering,NA,9.123373,56.3232,MV-LF,park.png
Parkering og ruter,Parkering,Tilkørsel ad kærvej. Følges hele vejen til stor åben plads. Vores fiskeri ligger opstrøms parkeringen. Kør forsigtigt ad Kærvej af hensyn til beboerne.,9.163316,56.300212,MV-LF,park.png
Parkering og ruter,Parkering,NA,9.176309,56.299171,MV-LF,park.png
Parkering og ruter,Parkering,Åhusevej 13. P-skilt er opsat.,9.131811,56.322029,MV-LF,park.png
Parkering og ruter,Parkering,Emil ved nummer Munklindevej 72.,9.193491,56.253421,MV-LF,park.png
Parkering og ruter,Parkering,Munklindevej 83.,9.195793,56.262994,MV-LF,park.png
Parkering og ruter,Parkering,Kør ned overfor Uhrevej 54.,9.173863,56.288483,MV-LF,park.png
Parkering og ruter,Parkering ved camping,Der SKAL parkeres på campingspladsen p-plads.,9.114957,56.322837,MV-LF,park.png
Parkering og ruter,Parkering i skoven,NA,9.1144565,56.3304642,MV-LF,park.png
Parkering og ruter,Parkering,NA,9.113487,56.332581,MV-LF,park.png
Parkering og ruter,Parkering Agerskov bro,NA,9.190536,56.247543,MV-LF,park.png
Parkering og ruter,Parkering,NA,9.1086,56.346818,MV-LF,park.png
Parkering og ruter,Parkering,"Kør ud af Karupvej, drej ned lige før skoven og følg markvejen.",9.25048,56.201558,MV-LF,park.png
Parkering og ruter,Parkering (Uhrevej 45),NA,9.182709,56.288644,MV-LF,park.png
Parkering og ruter,Parkering,NA,9.194358,56.273558,MV-LF,park.png
Parkering og ruter,Parkering,NA,9.08951,56.363776,MV-LF,park.png
Parkering og ruter,Parkering - Det grønne sommerhus,NA,9.0854022,56.3686761,MV-LF,park.png
Parkering og ruter,Parkering - Mejeriet,NA,9.0733269,56.3718351,MV-LF,park.png
Parkering og ruter,Parkering - Resenbro,"POS: 56.37733, 9.07419",9.0743345,56.3778071,MV-LF,park.png
Parkering og ruter,Parkering - Læskuret,NA,9.0624422,56.3835982,MV-LF,park.png
Parkering og ruter,Parkering - Det røde sommerhus,NA,9.0768948,56.3800651,MV-LF,park.png
Parkering og ruter,Parkering,"POS: 56.4255, 9.00428",9.004288,56.425506,MV-LF,park.png
Parkering og ruter,Parkering,"POS: 56.42398, 9.00045",9.000453,56.42399,MV-LF,park.png
Parkering og ruter,Parkering,"Nedre Karup Å ved Røjbæk/Grønbæks Store høl øst side. POS: 56.41402, 9.00587",9.005871,56.41402,MV-LF,park.png
Parkering og ruter,Parkering,"Nedre Karup Å ved Grønbæks Store høl, vest side. POS: 56.41704, 8.99213",8.992138,56.417047,MV-LF,park.png
Parkering og ruter,Parkering Hagebro,"Parkering på rasteplads på begge sider af vejen. ""Nedre Karup Å"" er nedstrøms for Hagebro og ""Mellem Karup Å"" er opstrøms for Hagebro.",9.006622,56.406785,MV-LF,park.png
Parkering og ruter,Parkering,"Mellem Karup Å, Sejbæk strækket i Vormstrup. POS: 56.40337, 9.01502",9.015022,56.403377,MV-LF,park.png
Parkering og ruter,Parkering,"Mellem Karup Å ved Sejbæk og Østergaards Store Bakke. POS: 56.40952, 9.02235",9.02235,56.409524,MV-LF,park.png
Parkering og ruter,Parkering,"Mellem Karup Å i Vormstrup ved Jørgen Handberg/Uldbutikken. POS: 56.40195, 9.02268",9.022683,56.401955,MV-LF,park.png
Parkering og ruter,Parkering,"Mellem Karup Å ved de berømte Vormstrup-sving. POS: 56.39969, 9.03261",9.032618,56.39969,MV-LF,park.png
Parkering og ruter,Parkering,"Mellem Karup Å ved ""Club Hegnsgaard"" i Vormstrup. POS: 56.39523, 9.04219",9.042193,56.395234,MV-LF,park.png
Parkering og ruter,Parkering,"Mellem Karup Å ved ""Sandvilhus"". POS: 56.38772, 9.05974",9.05974,56.387722,MV-LF,park.png
Parkering og ruter,Parkering,"Mellem Karup Å ved ""Over- Neder Torp"". POS: 56.36179, 9.09921",9.099217,56.361797,MV-LF,park.png
Parkering og ruter,Parkering,"Mellem Karup Å ved Høgild. POS: 56.34657, 9.10461",9.104614,56.346574,MV-LF,park.png
Parkering og ruter,Parkering,"POS: 56.40056, 9.01326",9.013263,56.400566,MV-LF,park.png
Parkering og ruter,Parkering,"Haderis Å ved Haderup by. POS: 56.38915, 9.00628",9.006289,56.389156,MV-LF,park.png
Parkering og ruter,Parkering Rensningsanlægget,"Haderis Å ved Haderup Rensningsanlæg. POS: 56.38577, 8.99963",8.999637,56.385774,MV-LF,park.png
Parkering og ruter,Parkering,"Haderis Å syd for Haderup ved ""Birkelunden"". POS: 56.3786, 8.9918",8.991805,56.378607,MV-LF,park.png
Parkering og ruter,Parkering,"Haderis Å ved Stavlund. Parkering på højre hånd kort efter man kører ind på Haderisvej. POS: 56.36908, 8.99162",8.991623,56.36908,MV-LF,park.png
Parkering og ruter,Parkering,NA,9.009521,56.40158,MV-LF,park.png
Info,Hessellund hytten,NA,9.114103,56.332694,MV-LF,cottage.png
Info,Karup Hytten,"Foreningen råder over en hytte, som altid er åben, og kan benyttes til let overnatning, men der bliver også indimellem fortalt gode fiskehistorier omkring bordet. Foruden vores online fangstrapport har vi også en fangstbog liggende i hytten, hvor der kan studeres fangster gennem mange år.",9.143313,56.314056,MV-LF,cottage.png
Info,Indgang til indhegning,NA,9.152681,56.308227,MV-LF,fence.png
Info,Indgang til indhegning,NA,9.155949,56.30684,MV-LF,fence.png
Info,Indgang til indhegning,NA,9.143654,56.314148,MV-LF,fence.png
Info,Indgang til indhegning,NA,9.140972,56.316192,MV-LF,fence.png
Info,Spang,NA,9.0774965,56.3741367,MV-LF,footbridge.png
Info,Spang,NA,9.0625003,56.3870269,MV-LF,footbridge.png
Info,Lasses spang,NA,9.0768616,56.3712569,MV-LF,footbridge.png
Info,Spang,NA,9.0732697,56.3803256,MV-LF,footbridge.png
Info,Spang,NA,9.0658597,56.3838847,MV-LF,footbridge.png
Info,Spang,NA,9.0804874,56.3690242,MV-LF,footbridge.png
Info,Det røde sommerhus,NA,9.0741029,56.3804029,MV-LF,house.png
Standpladser i åen,Dueholm Leg,NA,8.996794,56.428309,MV-LF,fish.png
Standpladser i åen,Severins høl,NA,8.996558,56.423723,MV-LF,fish.png
Standpladser i åen,Sommerhushullet,NA,8.995367,56.42253,MV-LF,fish.png
Standpladser i åen,Pælehøllet,NA,8.996504,56.422655,MV-LF,fish.png
Standpladser i åen,Hundetungerne,NA,8.996633,56.421349,MV-LF,fish.png
Standpladser i åen,S-svinget udgang,NA,8.998876,56.420625,MV-LF,fish.png
Standpladser i åen,S-svinget indgang,NA,8.998092,56.419919,MV-LF,fish.png
Standpladser i åen,Grønbæks Store Høl,NA,9.001086,56.418115,MV-LF,fish.png
Standpladser i åen,Busken,NA,8.995678,56.424779,MV-LF,fish.png
Standpladser i åen,Ærtehøllet,NA,8.999906,56.417569,MV-LF,fish.png
Standpladser i åen,Slagterhullet,NA,8.998007,56.414922,MV-LF,fish.png
Standpladser i åen,Grønbæks Lille Høl,NA,8.999069,56.4151,MV-LF,fish.png
Standpladser i åen,Røjbæk Høl,NA,8.999444,56.413231,MV-LF,fish.png
Standpladser i åen,Æbletræet,NA,9.005173,56.4091,MV-LF,fish.png
Standpladser i åen,Bette Niels Høl,NA,9.006053,56.408358,MV-LF,fish.png
Standpladser i åen,Alknuden,NA,9.005163,56.408328,MV-LF,fish.png
Standpladser i åen,De Tre Grøfter,NA,9.004573,56.407764,MV-LF,fish.png
Standpladser i åen,Spisekammeret,NA,9.008596,56.40568,MV-LF,fish.png
Standpladser i åen,Gransvinget,NA,9.018531,56.406221,MV-LF,fish.png
Standpladser i åen,Sejbækkens udløb,NA,9.019239,56.406375,MV-LF,fish.png
Standpladser i åen,Østergaards Bakke,NA,9.020344,56.406399,MV-LF,fish.png
Standpladser i åen,Pumpehullet,NA,9.021846,56.404434,MV-LF,fish.png
Standpladser i åen,Degnens Hul,NA,9.032704,56.401014,MV-LF,fish.png
Standpladser i åen,Vormstrup Svingene,NA,9.034334,56.401097,MV-LF,fish.png
Standpladser i åen,Nørregårds Låge,NA,9.034367,56.399654,MV-LF,fish.png
Standpladser i åen,Pumpehøllet,NA,9.036748,56.401364,MV-LF,fish.png
Standpladser i åen,Hegnsgaard Fossen,NA,9.04398,56.397582,MV-LF,fish.png
Standpladser i åen,Over Torp,NA,9.099834,56.355836,MV-LF,fish.png
Standpladser i åen,Neder Torp,NA,9.092581,56.362029,MV-LF,fish.png
Parkering og ruter,Parkering,NA,9.088435,56.083549,MV-LF,park.png
Parkering og ruter,Parkering,NA,9.04825,56.077347,MV-LF,park.png
Parkering og ruter,Parkering ved hæk,NA,9.02665,56.077543,MV-LF,park.png
Parkering og ruter,Parkering,Parkering ved Granlygård (nr. 18). P-skilt opsat,9.113516,56.092701,MV-LF,park.png
Parkering og ruter,Parkering (Skilt ikke opsat),Parkering i vejsiden.,8.919085,55.941402,MV-LF,park.png
Parkering og ruter,Parkering,P-skilt opsat,9.008582,56.076446,MV-LF,park.png
Parkering og ruter,Parkering,NA,8.931971,55.943661,MV-LF,park.png
Parkering og ruter,Parkering,NA,8.942249,55.937748,MV-LF,park.png
Parkering og ruter,Parkering,NA,8.954566,55.932388,MV-LF,park.png
Parkering og ruter,Parkering,NA,9.104877,55.874791,MV-LF,park.png
Parkering og ruter,Parkering Hesselvig (kun for medlemmer),Parkering skal ske i gården.,8.946809,55.988172,MV-LF,park.png
Parkering og ruter,Parkering Tjæreovnene (offentlig parkering),NA,8.929943,55.978619,MV-LF,park.png
Parkering og ruter,Parkering (Øvig) - Skilt opsat,NA,8.919568,55.974682,MV-LF,park.png
Parkering og ruter,Parkering (Den gule gård),NA,8.799083,55.941643,MV-LF,park.png
Parkering og ruter,Parkering (Transformatoren) - Skilt opsat,Parkering på bakken forbudt.,8.809072,55.943562,MV-LF,park.png
Parkering og ruter,Parkering (Skjernvej 137) - Skilt opsat,Kør ned ved Skjernvej 137. Parker ved skilt. Gå til venstre om huset ned langs læhegn - så kommer du ned midt på stykket.,8.855753,55.961212,MV-LF,park.png
Parkering og ruter,Parkering (Skjernvej 115) - Skilt opsat,"Drej ned ved Skjernvej 115, over kanalen og til højre. Parker ved skilt, ikke i selve ”rundkørselen”. Gå ned af markvej.",8.879389,55.971481,MV-LF,park.png
Parkering og ruter,Parkering (Skjernvej 69),Ved Skjernåvej 69 gælder adgang forbudtskiltet ikke for MV-LF.,8.951012,55.994419,MV-LF,park.png
Parkering og ruter,Parkering Hesselvig,NA,8.960925,55.99046,MV-LF,park.png
Parkering og ruter,Parkering ved det lille hus (Øvig),NA,8.912063,55.976068,MV-LF,park.png
Parkering og ruter,Parkering (Skarrild) - Skilt opsat,NA,8.914359,55.979831,MV-LF,park.png
Parkering og ruter,Parkering Forvirringen,Kør ned ved campingplads og følg grusvej,8.960486,55.997115,MV-LF,park.png
Parkering og ruter,Parkering,NA,8.92916,55.986572,MV-LF,park.png
Parkering og ruter,Parkering,NA,9.004452,55.994704,MV-LF,park.png
Parkering og ruter,Parkering Forvirringen - Offentlig,For bookning af shelter se https://www.visitherning.dk/herning/se-og-oplev/arnborg-hedegard-shelterplads-gdk1090829,8.963269,55.99571,MV-LF,park.png
Parkering og ruter,Parkering,NA,8.964284,55.996217,MV-LF,park.png
Parkering og ruter,Parkering,"Der må ikke parkeres på Gåsdal bro. P-pladsen ligger op ad bakken og ind til venstre mellem træerne, lige før T krydset ved Gåsdalvej.",8.709004,55.990292,MV-LF,park.png
Parkering og ruter,Parkering,NA,9.094406,55.965516,MV-LF,park.png
Parkering og ruter,Parkering,NA,8.69525,55.969658,MV-LF,park.png
Parkering og ruter,Parkering,NA,8.708897,55.98428,MV-LF,park.png
Parkering og ruter,Parkering,NA,8.701328,55.96559,MV-LF,park.png
Parkering og ruter,Parkering (Rind Å) på græsareal,NA,8.962054,56.002626,MV-LF,park.png
Parkering og ruter,Parkering,NA,8.722351,56.001957,MV-LF,park.png
Parkering og ruter,Parkering,NA,8.717115,55.974049,MV-LF,park.png
Parkering og ruter,Parkering,NA,8.718896,56.007282,MV-LF,park.png
Info,Shelter plads,"Tre shelters med vand og toilet, Mere info: http://www.visitherning.dk/arnborg-hedegaard-shelterplads-gdk1090829",8.96284,55.995702,MV-LF,shelter.png
Info,Shelter plads,Info http://udinaturen.dk/facilitet/Arnborg/21160 og http://udinaturen.dk/facilitet/Toudal/22056,8.967898,56.002769,MV-LF,shelter.png
Info,Shelter plads,Info: https://www.visitherning.dk/herning/se-og-oplev/skarrild-shelterplads-gdk1090834,8.89823,55.975563,MV-LF,shelter.png
Info,Tarp Bro,NA,8.83069,55.951248,MV-LF,bridge.png
Info,Info,Parkering i skoven og på veje forbudt. Færsel i skoven strengt forbudt. De viste adgangsveje skal benyttes.,8.937249,55.984651,MV-LF,infoplace.png
Info,Info,"Der må ikke parkeres ved Gåsdal Bro. P-pladsen ligger pp ad bakken og ind til venstre mellem træerne, lige før T krydset ved Gåsdalvej.",8.712287,55.990028,MV-LF,infoplace.png
Info,Spang,NA,8.8223625,56.3220016,MV-LF,footbridge.png
Parkering og ruter,Parkering - Sammelstedvej 1,"Parkering ved den nordlige ende af ejendommen Sammelstedvej nr.1 ved læhegnet ud til vejen. POS: 56.24845, 8.88566",8.88566,56.24845,MV-LF,park.png
Parkering og ruter,Parkering (Brohusvej 5),"Kør ned mod ejendommen Brohusvej nr 5. Parkeringsplads er langs laden på venstre side. POS: 56.28229, 8.8699",8.869904,56.28229,MV-LF,park.png
Parkering og ruter,Parkering (Brohusvej 3),"Kør af markvej mod Brohusvej nr 3 (sommerhus). Parkeringspladsen er til venstre inden nedkørslen til huset. POS: 56.28848, 8.87019",8.870194,56.288483,MV-LF,park.png
Parkering og ruter,Parkering - Hallundbæk Bro,"På nordvest siden af Hallundbæk Bro er parkeringspladsen. POS: 56.29308, 8.8691",8.86911,56.29308,MV-LF,park.png
Parkering og ruter,Parkering - Toppergårdvej 5,"Lidt nord for ejendommen Toppergårdvej 5, er der på modsatte side af vejen en markvej, der går ned til åen. For enden af markvejen ligger parkeringspladsen. POS: 56.30233, 8.86479",8.864797,56.302337,MV-LF,park.png
Parkering og ruter,Parkering - Stovbæk Krat,"På østsiden af Rotvigvej, lidt syd for Gedbovej, går en markvej ned mod Stovbæk Krat hvor parkeringspladsen ligger. POS: 56.31259, 8.84768",8.847685,56.312591,MV-LF,park.png
Parkering og ruter,Parkering - Hodsager Kirke,"Parkér ved offentlig parkeringsplads ved Hodsager kirke. POS: 56.31385, 8.85523",8.855238,56.313859,MV-LF,park.png
Parkering og ruter,Parkering - Gedbovej 23,"I det østlige hjørne af gårdspladsen, ved ejendommen gedbovej nr. 23. POS: 56.31754, 8.83716",8.83716,56.317542,MV-LF,park.png
Parkering og ruter,Parkering - Lindholtevej 15,"På vest siden af ejendommen Lindholtevej nr. 15. POS: 56.31982, 8.81131",8.811314,56.319821,MV-LF,park.png
Parkering og ruter,Parkering - Hodsagervej 64,"Ca. 300 meter øst for Hodsagervej nr. 64, går en markvej mod syd (mod åen) og der er et læhegn til venstre. For enden af markvejen, er der en plads til venstre i mellem nogle grantræer inden engen. POS:  56.32287, 8.83257",8.832579,56.322879,MV-LF,park.png
Parkering og ruter,Parkering - Hodsagervej 62,"Kør af grusvejen til Hodsagervej nr. 62, drej til højre inden ejendommen mod kanopladsen. Fortsæt med markvejen der svinger til venstre. Parkeringsplads ved ""det sorte toiletskur"", inden kanopladsen. POS: 56.32351, 8.81061",8.810617,56.32351,MV-LF,park.png
Parkering og ruter,Parkering - Rotvig Bro,NA,8.844969,56.3143169,MV-LF,park.png
Info,Placering af MV-LFs båd,Tjek info-icon midt i søen for mere information.,9.015366,56.207092,MV-LF,boat.png
Info,Sunds Sø - Fiskeret,"Fiskeri tilladt for medlemmer. Fiskesæson, fredningstider og mindstemål (https://www.mv-lf.dk/fiskevande/regler/)<br><br>MV-LFs båd: Der er kodehængelås på båden, og for at låne båden, skal man smsé til Frank Sjøgreen på 28971446 for høre om den er ledig og for at få koden til låsen. Når koden er drejet, låses op, og når båden afleveres igen, lægges den igen på hovedet, med årerne under båden, ovenpå fliserne, så de ligger tørt, og kodelåsen låses igen ved at låse og dreje om på andet nummer end det, man fik.<br><br>- Husk selv at medbringe redningsveste til alle mand. <br>- Medlemskort skal medbringes.<br>- Man må desuden bruge egen kajak, flydering mm, men vær MEGET påpasselig og bær tydelig, farverig redningsvest, da bredejernes motorbåde må sejle med fri hastighed i søen, og en flydering kan være svær at se! <br>- Al færdsel er på eget ansvar!<br>- Der må ikke fiskes i Sunds Sø i geddens fredningstid.<br>- Når du fisker fra båd skal der holdes en afstand på 60 m. fra bredden. <br>- Motor må ikke benyttes (gælder også el. motor). <br>- Landgang på privat grund er forbudt. <br>- Ved fiskeri med levende agn, må der kun anvendes agn fanget i Sunds Sø.",9.023252,56.213458,MV-LF,infoplace.png
