Date,Place,YGroup,Level,LevelRelative
2020-01-01T00:22:30Z,Fjederholt Å - A18,2018,4070.8,30
2020-01-01T01:22:30Z,Fjederholt Å - A18,2018,4071.5,30.6
2020-01-01T02:22:30Z,Fjederholt Å - A18,2018,4072.9,32.1
2020-01-01T03:22:30Z,Fjederholt Å - A18,2018,4075,34.2
2020-01-01T04:22:30Z,Fjederholt Å - A18,2018,4076.6,35.8
2020-01-01T05:22:30Z,Fjederholt Å - A18,2018,4078.1,37.2
2020-01-01T06:22:30Z,Fjederholt Å - A18,2018,4079.6,38.8
2020-01-01T07:22:30Z,Fjederholt Å - A18,2018,4080.9,40.1
2020-01-01T08:22:30Z,Fjederholt Å - A18,2018,4081.8,41
2020-01-01T09:22:30Z,Fjederholt Å - A18,2018,4082.4,41.6
2020-01-01T10:22:30Z,Fjederholt Å - A18,2018,4082.8,42
2020-01-01T11:22:30Z,Fjederholt Å - A18,2018,4083.5,42.7
2020-01-01T12:22:30Z,Fjederholt Å - A18,2018,4084.9,44.1
2020-01-01T00:22:30Z,Fjederholt Å - A18,2020,4050.8,10
2020-01-01T01:22:30Z,Fjederholt Å - A18,2020,4050.7,9.9
2020-01-01T02:22:30Z,Fjederholt Å - A18,2020,4050.6,9.8
2020-01-01T03:22:30Z,Fjederholt Å - A18,2020,4050.6,9.8
2020-01-01T04:22:30Z,Fjederholt Å - A18,2020,4050.5,9.7
2020-01-01T05:22:30Z,Fjederholt Å - A18,2020,4050.4,9.7
2020-01-01T06:22:30Z,Fjederholt Å - A18,2020,4050.4,9.6
2020-01-01T07:22:30Z,Fjederholt Å - A18,2020,4050.4,9.6
2020-01-01T08:22:30Z,Fjederholt Å - A18,2020,4050.4,9.6
2020-01-01T09:22:30Z,Fjederholt Å - A18,2020,4050.3,9.5
2020-01-01T10:22:30Z,Fjederholt Å - A18,2020,4050.3,9.5
2020-01-01T11:22:30Z,Fjederholt Å - A18,2020,4050.2,9.4
2020-01-01T12:22:30Z,Fjederholt Å - A18,2020,4050.2,9.4
2020-01-01T00:22:30Z,Fjederholt Å - A18,2021,4032.4,-8.4
2020-01-01T01:22:30Z,Fjederholt Å - A18,2021,4032.2,-8.6
2020-01-01T02:22:30Z,Fjederholt Å - A18,2021,4032,-8.8
2020-01-01T03:22:30Z,Fjederholt Å - A18,2021,4032,-8.8
2020-01-01T04:22:30Z,Fjederholt Å - A18,2021,4031.7,-9.1
2020-01-01T05:22:30Z,Fjederholt Å - A18,2021,4031.6,-9.2
2020-01-01T06:22:30Z,Fjederholt Å - A18,2021,4031.4,-9.4
2020-01-01T07:22:30Z,Fjederholt Å - A18,2021,4031.3,-9.5
2020-01-01T08:22:30Z,Fjederholt Å - A18,2021,4031.1,-9.7
2020-01-01T09:22:30Z,Fjederholt Å - A18,2021,4031,-9.8
2020-01-01T10:22:30Z,Fjederholt Å - A18,2021,4030.8,-10
2020-01-01T11:22:30Z,Fjederholt Å - A18,2021,4030.6,-10.2
2020-01-01T12:22:30Z,Fjederholt Å - A18,2021,4030.5,-10.3
2020-01-01T00:22:30Z,Fjederholt Å - A18,2022,4032.2,-8.6
2020-01-01T01:22:30Z,Fjederholt Å - A18,2022,4032.7,-8.2
2020-01-01T02:22:30Z,Fjederholt Å - A18,2022,4033.2,-7.5
2020-01-01T03:22:30Z,Fjederholt Å - A18,2022,4033.8,-7.1
2020-01-01T04:22:30Z,Fjederholt Å - A18,2022,4034.3,-6.5
2020-01-01T05:22:30Z,Fjederholt Å - A18,2022,4034.9,-5.9
2020-01-01T06:22:30Z,Fjederholt Å - A18,2022,4035.5,-5.3
2020-01-01T07:22:30Z,Fjederholt Å - A18,2022,4036,-4.8
2020-01-01T08:22:30Z,Fjederholt Å - A18,2022,4036.5,-4.3
2020-01-01T09:22:30Z,Fjederholt Å - A18,2022,4036.9,-3.9
2020-01-01T10:22:30Z,Fjederholt Å - A18,2022,4037.4,-3.4
2020-01-01T11:22:30Z,Fjederholt Å - A18,2022,4037.7,-3.1
2020-01-01T12:22:30Z,Fjederholt Å - A18,2022,4038.1,-2.7
2020-01-01T00:25:00Z,Fjederholt Å - A18,2023,4060.7,19.9
2020-01-01T01:25:00Z,Fjederholt Å - A18,2023,4061.9,21.1
2020-01-01T02:25:00Z,Fjederholt Å - A18,2023,4062.9,22.1
2020-01-01T03:25:00Z,Fjederholt Å - A18,2023,4063.8,23
2020-01-01T04:25:00Z,Fjederholt Å - A18,2023,4064.3,23.5
2020-01-01T05:25:00Z,Fjederholt Å - A18,2023,4064.7,23.8
2020-01-01T06:25:00Z,Fjederholt Å - A18,2023,4064.9,24.1
2020-01-01T07:25:00Z,Fjederholt Å - A18,2023,4065,24.2
2020-01-01T08:25:00Z,Fjederholt Å - A18,2023,4065,24.2
2020-01-01T09:25:00Z,Fjederholt Å - A18,2023,4065.1,24.3
2020-01-01T10:25:00Z,Fjederholt Å - A18,2023,4065.2,24.4
2020-01-01T11:25:00Z,Fjederholt Å - A18,2023,4065.4,24.6
2020-01-01T12:25:00Z,Fjederholt Å - A18,2023,4065.7,24.9
2020-01-01T00:22:30Z,Fjederholt Å - A18,2024,4083.8,43
2020-01-01T01:22:30Z,Fjederholt Å - A18,2024,4083.2,42.4
2020-01-01T02:22:30Z,Fjederholt Å - A18,2024,4083.1,42.3
2020-01-01T03:22:30Z,Fjederholt Å - A18,2024,4082.4,41.6
2020-01-01T04:22:30Z,Fjederholt Å - A18,2024,4082.2,41.3
2020-01-01T05:22:30Z,Fjederholt Å - A18,2024,4081.7,40.9
2020-01-01T06:22:30Z,Fjederholt Å - A18,2024,4081.4,40.6
2020-01-01T07:22:30Z,Fjederholt Å - A18,2024,4080.9,40.2
2020-01-01T08:22:30Z,Fjederholt Å - A18,2024,4081,40.2
2020-01-01T09:22:30Z,Fjederholt Å - A18,2024,4081,40.2
2020-01-01T10:22:30Z,Fjederholt Å - A18,2024,4081.1,40.2
2020-01-01T11:22:30Z,Fjederholt Å - A18,2024,4080.9,40.1
2020-01-01T12:22:30Z,Fjederholt Å - A18,2024,4081,40.2
2020-01-01T00:22:30Z,Karstoft Å - Fiskedamme,2018,1573.8,10.2
2020-01-01T01:22:30Z,Karstoft Å - Fiskedamme,2018,1574.6,11
2020-01-01T02:22:30Z,Karstoft Å - Fiskedamme,2018,1575.5,11.8
2020-01-01T03:22:30Z,Karstoft Å - Fiskedamme,2018,1576.4,12.8
2020-01-01T04:22:30Z,Karstoft Å - Fiskedamme,2018,1576.6,13
2020-01-01T05:22:30Z,Karstoft Å - Fiskedamme,2018,1577.7,14
2020-01-01T06:22:30Z,Karstoft Å - Fiskedamme,2018,1577.7,14.1
2020-01-01T07:22:30Z,Karstoft Å - Fiskedamme,2018,1579.5,15.9
2020-01-01T08:22:30Z,Karstoft Å - Fiskedamme,2018,1583.3,19.7
2020-01-01T09:22:30Z,Karstoft Å - Fiskedamme,2018,1582.4,18.8
2020-01-01T10:22:30Z,Karstoft Å - Fiskedamme,2018,1582.5,18.9
2020-01-01T11:22:30Z,Karstoft Å - Fiskedamme,2018,1583,19.4
2020-01-01T12:22:30Z,Karstoft Å - Fiskedamme,2018,1583.9,20.3
2020-01-01T13:22:30Z,Karstoft Å - Fiskedamme,2018,1585.1,21.6
2020-01-01T14:22:30Z,Karstoft Å - Fiskedamme,2018,1586.2,22.7
2020-01-01T15:22:30Z,Karstoft Å - Fiskedamme,2018,1587.8,24.2
2020-01-01T16:22:30Z,Karstoft Å - Fiskedamme,2018,1589.3,25.8
2020-01-01T17:22:30Z,Karstoft Å - Fiskedamme,2018,1591.3,27.7
2020-01-01T18:22:30Z,Karstoft Å - Fiskedamme,2018,1593.1,29.5
2020-01-01T19:22:30Z,Karstoft Å - Fiskedamme,2018,1593.1,29.5
2020-01-01T20:22:30Z,Karstoft Å - Fiskedamme,2018,1593.1,29.5
2020-01-01T21:22:30Z,Karstoft Å - Fiskedamme,2018,1593.1,29.5
2020-01-01T22:22:30Z,Karstoft Å - Fiskedamme,2018,1593,29.4
2020-01-01T23:22:30Z,Karstoft Å - Fiskedamme,2018,1593,29.4
2020-01-01T00:22:30Z,Karstoft Å - Fiskedamme,2019,1544.9,-18.7
2020-01-01T01:22:30Z,Karstoft Å - Fiskedamme,2019,1544.9,-18.8
2020-01-01T02:22:30Z,Karstoft Å - Fiskedamme,2019,1545,-18.6
2020-01-01T03:22:30Z,Karstoft Å - Fiskedamme,2019,1545.4,-18.2
2020-01-01T04:22:30Z,Karstoft Å - Fiskedamme,2019,1545.2,-18.4
2020-01-01T05:22:30Z,Karstoft Å - Fiskedamme,2019,1545.5,-18.1
2020-01-01T06:22:30Z,Karstoft Å - Fiskedamme,2019,1545.2,-18.4
2020-01-01T07:22:30Z,Karstoft Å - Fiskedamme,2019,1545.5,-18
2020-01-01T08:22:30Z,Karstoft Å - Fiskedamme,2019,1545.2,-18.4
2020-01-01T09:22:30Z,Karstoft Å - Fiskedamme,2019,1545.6,-18
2020-01-01T10:22:30Z,Karstoft Å - Fiskedamme,2019,1545.4,-18.2
2020-01-01T11:22:30Z,Karstoft Å - Fiskedamme,2019,1545.2,-18.4
2020-01-01T12:22:30Z,Karstoft Å - Fiskedamme,2019,1546.1,-17.5
2020-01-01T13:22:30Z,Karstoft Å - Fiskedamme,2019,1545.5,-18.1
2020-01-01T14:22:30Z,Karstoft Å - Fiskedamme,2019,1544.9,-18.8
2020-01-01T15:22:30Z,Karstoft Å - Fiskedamme,2019,1545.4,-18.2
2020-01-01T16:22:30Z,Karstoft Å - Fiskedamme,2019,1545.3,-18.4
2020-01-01T17:22:30Z,Karstoft Å - Fiskedamme,2019,1545.2,-18.4
2020-01-01T18:22:30Z,Karstoft Å - Fiskedamme,2019,1545.1,-18.5
2020-01-01T19:22:30Z,Karstoft Å - Fiskedamme,2019,1544.9,-18.7
2020-01-01T20:22:30Z,Karstoft Å - Fiskedamme,2019,1544.8,-18.8
2020-01-01T21:22:30Z,Karstoft Å - Fiskedamme,2019,1544.5,-19
2020-01-01T22:22:30Z,Karstoft Å - Fiskedamme,2019,1544.1,-19.5
2020-01-01T23:22:30Z,Karstoft Å - Fiskedamme,2019,1544.1,-19.5
2020-01-01T00:22:30Z,Karstoft Å - Fiskedamme,2020,1549.4,-14.2
2020-01-01T01:22:30Z,Karstoft Å - Fiskedamme,2020,1549.4,-14.2
2020-01-01T02:22:30Z,Karstoft Å - Fiskedamme,2020,1549.6,-14
2020-01-01T03:22:30Z,Karstoft Å - Fiskedamme,2020,1549.2,-14.3
2020-01-01T04:22:30Z,Karstoft Å - Fiskedamme,2020,1549.4,-14.2
2020-01-01T05:22:30Z,Karstoft Å - Fiskedamme,2020,1549.1,-14.5
2020-01-01T06:22:30Z,Karstoft Å - Fiskedamme,2020,1549,-14.6
2020-01-01T07:22:30Z,Karstoft Å - Fiskedamme,2020,1548.9,-14.7
2020-01-01T08:22:30Z,Karstoft Å - Fiskedamme,2020,1549.3,-14.3
2020-01-01T09:22:30Z,Karstoft Å - Fiskedamme,2020,1549.1,-14.5
2020-01-01T10:22:30Z,Karstoft Å - Fiskedamme,2020,1548.9,-14.7
2020-01-01T11:22:30Z,Karstoft Å - Fiskedamme,2020,1549.1,-14.5
2020-01-01T12:22:30Z,Karstoft Å - Fiskedamme,2020,1549.2,-14.4
2020-01-01T13:22:30Z,Karstoft Å - Fiskedamme,2020,1548.8,-14.8
2020-01-01T14:22:30Z,Karstoft Å - Fiskedamme,2020,1549.7,-13.9
2020-01-01T15:22:30Z,Karstoft Å - Fiskedamme,2020,1549.3,-14.3
2020-01-01T16:22:30Z,Karstoft Å - Fiskedamme,2020,1548.7,-14.8
2020-01-01T17:22:30Z,Karstoft Å - Fiskedamme,2020,1548.7,-14.9
2020-01-01T18:22:30Z,Karstoft Å - Fiskedamme,2020,1548.9,-14.7
2020-01-01T19:22:30Z,Karstoft Å - Fiskedamme,2020,1549,-14.5
2020-01-01T20:22:30Z,Karstoft Å - Fiskedamme,2020,1549,-14.6
2020-01-01T21:22:30Z,Karstoft Å - Fiskedamme,2020,1549.1,-14.5
2020-01-01T22:22:30Z,Karstoft Å - Fiskedamme,2020,1548.7,-14.9
2020-01-01T23:22:30Z,Karstoft Å - Fiskedamme,2020,1548.7,-14.9
2020-01-01T00:22:30Z,Karstoft Å - Fiskedamme,2021,1583.3,19.8
2020-01-01T01:22:30Z,Karstoft Å - Fiskedamme,2021,1584,20.4
2020-01-01T02:22:30Z,Karstoft Å - Fiskedamme,2021,1584,20.4
2020-01-01T03:22:30Z,Karstoft Å - Fiskedamme,2021,1584,20.4
2020-01-01T04:22:30Z,Karstoft Å - Fiskedamme,2021,1584,20.4
2020-01-01T05:22:30Z,Karstoft Å - Fiskedamme,2021,1584,20.4
2020-01-01T06:22:30Z,Karstoft Å - Fiskedamme,2021,1584,20.4
2020-01-01T07:22:30Z,Karstoft Å - Fiskedamme,2021,1584.1,20.5
2020-01-01T08:22:30Z,Karstoft Å - Fiskedamme,2021,1584.1,20.5
2020-01-01T09:22:30Z,Karstoft Å - Fiskedamme,2021,1584.1,20.5
2020-01-01T10:22:30Z,Karstoft Å - Fiskedamme,2021,1584.1,20.5
2020-01-01T11:22:30Z,Karstoft Å - Fiskedamme,2021,1584.1,20.5
2020-01-01T12:22:30Z,Karstoft Å - Fiskedamme,2021,1584.1,20.5
2020-01-01T13:22:30Z,Karstoft Å - Fiskedamme,2021,1584.1,20.5
2020-01-01T14:22:30Z,Karstoft Å - Fiskedamme,2021,1584.1,20.5
2020-01-01T15:22:30Z,Karstoft Å - Fiskedamme,2021,1584.2,20.6
2020-01-01T16:22:30Z,Karstoft Å - Fiskedamme,2021,1584.2,20.6
2020-01-01T17:22:30Z,Karstoft Å - Fiskedamme,2021,1584.2,20.6
2020-01-01T18:22:30Z,Karstoft Å - Fiskedamme,2021,1584.2,20.6
2020-01-01T19:22:30Z,Karstoft Å - Fiskedamme,2021,1584.2,20.6
2020-01-01T20:22:30Z,Karstoft Å - Fiskedamme,2021,1584.2,20.6
2020-01-01T21:22:30Z,Karstoft Å - Fiskedamme,2021,1584.2,20.6
2020-01-01T22:22:30Z,Karstoft Å - Fiskedamme,2021,1584.2,20.6
2020-01-01T23:22:30Z,Karstoft Å - Fiskedamme,2021,1584.3,20.7
2020-01-01T00:22:30Z,Karstoft Å - Fiskedamme,2022,1575.3,11.7
2020-01-01T01:22:30Z,Karstoft Å - Fiskedamme,2022,1575.2,11.6
2020-01-01T02:22:30Z,Karstoft Å - Fiskedamme,2022,1574.7,11.1
2020-01-01T03:22:30Z,Karstoft Å - Fiskedamme,2022,1574.4,10.8
2020-01-01T04:22:30Z,Karstoft Å - Fiskedamme,2022,1574.3,10.7
2020-01-01T05:22:30Z,Karstoft Å - Fiskedamme,2022,1573.5,9.9
2020-01-01T06:22:30Z,Karstoft Å - Fiskedamme,2022,1573.1,9.6
2020-01-01T07:22:30Z,Karstoft Å - Fiskedamme,2022,1572.7,9.1
2020-01-01T08:22:30Z,Karstoft Å - Fiskedamme,2022,1572.1,8.5
2020-01-01T09:22:30Z,Karstoft Å - Fiskedamme,2022,1571.8,8.2
2020-01-01T10:22:30Z,Karstoft Å - Fiskedamme,2022,1571.7,8.1
2020-01-01T11:22:30Z,Karstoft Å - Fiskedamme,2022,1571.4,7.8
2020-01-01T12:22:30Z,Karstoft Å - Fiskedamme,2022,1571.1,7.6
2020-01-01T13:22:30Z,Karstoft Å - Fiskedamme,2022,1570.5,7
2020-01-01T14:22:30Z,Karstoft Å - Fiskedamme,2022,1570.7,7.1
2020-01-01T15:22:30Z,Karstoft Å - Fiskedamme,2022,1570.2,6.6
2020-01-01T16:22:30Z,Karstoft Å - Fiskedamme,2022,1570.1,6.6
2020-01-01T17:22:30Z,Karstoft Å - Fiskedamme,2022,1570.2,6.6
2020-01-01T18:22:30Z,Karstoft Å - Fiskedamme,2022,1569.7,6.1
2020-01-01T19:22:30Z,Karstoft Å - Fiskedamme,2022,1569.8,6.2
2020-01-01T20:22:30Z,Karstoft Å - Fiskedamme,2022,1569.9,6.3
2020-01-01T21:22:30Z,Karstoft Å - Fiskedamme,2022,1570,6.4
2020-01-01T22:22:30Z,Karstoft Å - Fiskedamme,2022,1570.1,6.5
2020-01-01T23:22:30Z,Karstoft Å - Fiskedamme,2022,1570.1,6.5
2020-01-01T00:25:00Z,Karstoft Å - Fiskedamme,2023,1589.4,25.8
2020-01-01T01:25:00Z,Karstoft Å - Fiskedamme,2023,1590.4,26.8
2020-01-01T02:25:00Z,Karstoft Å - Fiskedamme,2023,1591,27.4
2020-01-01T03:25:00Z,Karstoft Å - Fiskedamme,2023,1592.2,28.6
2020-01-01T04:25:00Z,Karstoft Å - Fiskedamme,2023,1593.9,30.3
2020-01-01T05:25:00Z,Karstoft Å - Fiskedamme,2023,1595.5,31.9
2020-01-01T06:25:00Z,Karstoft Å - Fiskedamme,2023,1596.4,32.9
2020-01-01T07:25:00Z,Karstoft Å - Fiskedamme,2023,1597.3,33.7
2020-01-01T08:25:00Z,Karstoft Å - Fiskedamme,2023,1598.2,34.6
2020-01-01T09:25:00Z,Karstoft Å - Fiskedamme,2023,1599.1,35.5
2020-01-01T10:25:00Z,Karstoft Å - Fiskedamme,2023,1600.3,36.6
2020-01-01T11:25:00Z,Karstoft Å - Fiskedamme,2023,1601.1,37.5
2020-01-01T12:25:00Z,Karstoft Å - Fiskedamme,2023,1602.6,39
2020-01-01T13:25:00Z,Karstoft Å - Fiskedamme,2023,1603.1,39.5
2020-01-01T14:25:00Z,Karstoft Å - Fiskedamme,2023,1603.1,39.5
2020-01-01T15:25:00Z,Karstoft Å - Fiskedamme,2023,1603.2,39.6
2020-01-01T16:25:00Z,Karstoft Å - Fiskedamme,2023,1603.2,39.6
2020-01-01T17:25:00Z,Karstoft Å - Fiskedamme,2023,1603.2,39.6
2020-01-01T18:25:00Z,Karstoft Å - Fiskedamme,2023,1603.2,39.6
2020-01-01T19:25:00Z,Karstoft Å - Fiskedamme,2023,1603.2,39.6
2020-01-01T20:25:00Z,Karstoft Å - Fiskedamme,2023,1603.2,39.6
2020-01-01T21:25:00Z,Karstoft Å - Fiskedamme,2023,1603.3,39.7
2020-01-01T22:25:00Z,Karstoft Å - Fiskedamme,2023,1603.3,39.7
2020-01-01T23:25:00Z,Karstoft Å - Fiskedamme,2023,1603.3,39.7
2020-01-01T00:22:30Z,Omme Å - Sønderskov bro,2018,401.8,32.8
2020-01-01T01:22:30Z,Omme Å - Sønderskov bro,2018,402,32.9
2020-01-01T02:22:30Z,Omme Å - Sønderskov bro,2018,402.1,33.1
2020-01-01T03:22:30Z,Omme Å - Sønderskov bro,2018,402.2,33.1
2020-01-01T04:22:30Z,Omme Å - Sønderskov bro,2018,402.3,33.2
2020-01-01T05:22:30Z,Omme Å - Sønderskov bro,2018,402.5,33.4
2020-01-01T06:22:30Z,Omme Å - Sønderskov bro,2018,402.6,33.5
2020-01-01T07:22:30Z,Omme Å - Sønderskov bro,2018,402.8,33.7
2020-01-01T08:22:30Z,Omme Å - Sønderskov bro,2018,403,33.9
2020-01-01T09:22:30Z,Omme Å - Sønderskov bro,2018,403.2,34.1
2020-01-01T10:22:30Z,Omme Å - Sønderskov bro,2018,403.5,34.4
2020-01-01T11:22:30Z,Omme Å - Sønderskov bro,2018,403.8,34.8
2020-01-01T12:22:30Z,Omme Å - Sønderskov bro,2018,404.2,35.1
2020-01-01T13:22:30Z,Omme Å - Sønderskov bro,2018,404.4,35.3
2020-01-01T14:22:30Z,Omme Å - Sønderskov bro,2018,404.7,35.5
2020-01-01T15:22:30Z,Omme Å - Sønderskov bro,2018,404.9,35.8
2020-01-01T16:22:30Z,Omme Å - Sønderskov bro,2018,405.1,36
2020-01-01T17:22:30Z,Omme Å - Sønderskov bro,2018,405.5,36.4
2020-01-01T18:22:30Z,Omme Å - Sønderskov bro,2018,405.8,36.7
2020-01-01T19:22:30Z,Omme Å - Sønderskov bro,2018,406,36.9
2020-01-01T20:22:30Z,Omme Å - Sønderskov bro,2018,406.1,37
2020-01-01T21:22:30Z,Omme Å - Sønderskov bro,2018,406.3,37.1
2020-01-01T22:22:30Z,Omme Å - Sønderskov bro,2018,406.4,37.4
2020-01-01T23:22:30Z,Omme Å - Sønderskov bro,2018,406.5,37.5
2020-01-01T00:22:30Z,Omme Å - Sønderskov bro,2020,382.8,13.7
2020-01-01T01:22:30Z,Omme Å - Sønderskov bro,2020,382.7,13.6
2020-01-01T02:22:30Z,Omme Å - Sønderskov bro,2020,382.6,13.5
2020-01-01T03:22:30Z,Omme Å - Sønderskov bro,2020,382.6,13.5
2020-01-01T04:22:30Z,Omme Å - Sønderskov bro,2020,382.6,13.5
2020-01-01T05:22:30Z,Omme Å - Sønderskov bro,2020,382.5,13.4
2020-01-01T06:22:30Z,Omme Å - Sønderskov bro,2020,382.4,13.3
2020-01-01T07:22:30Z,Omme Å - Sønderskov bro,2020,382.3,13.2
2020-01-01T08:22:30Z,Omme Å - Sønderskov bro,2020,382.3,13.2
2020-01-01T09:22:30Z,Omme Å - Sønderskov bro,2020,382.3,13.2
2020-01-01T10:22:30Z,Omme Å - Sønderskov bro,2020,382.2,13.1
2020-01-01T11:22:30Z,Omme Å - Sønderskov bro,2020,382.1,13
2020-01-01T12:22:30Z,Omme Å - Sønderskov bro,2020,382.1,13
2020-01-01T13:22:30Z,Omme Å - Sønderskov bro,2020,382,12.9
2020-01-01T14:22:30Z,Omme Å - Sønderskov bro,2020,382,12.9
2020-01-01T15:22:30Z,Omme Å - Sønderskov bro,2020,381.9,12.8
2020-01-01T16:22:30Z,Omme Å - Sønderskov bro,2020,381.8,12.7
2020-01-01T17:22:30Z,Omme Å - Sønderskov bro,2020,381.8,12.7
2020-01-01T18:22:30Z,Omme Å - Sønderskov bro,2020,381.7,12.6
2020-01-01T19:22:30Z,Omme Å - Sønderskov bro,2020,381.6,12.5
2020-01-01T20:22:30Z,Omme Å - Sønderskov bro,2020,381.5,12.4
2020-01-01T21:22:30Z,Omme Å - Sønderskov bro,2020,381.5,12.4
2020-01-01T22:22:30Z,Omme Å - Sønderskov bro,2020,381.5,12.4
2020-01-01T23:22:30Z,Omme Å - Sønderskov bro,2020,381.4,12.3
2020-01-01T00:22:30Z,Omme Å - Sønderskov bro,2021,390.9,21.8
2020-01-01T01:22:30Z,Omme Å - Sønderskov bro,2021,391,21.9
2020-01-01T02:22:30Z,Omme Å - Sønderskov bro,2021,391.2,22.1
2020-01-01T03:22:30Z,Omme Å - Sønderskov bro,2021,391.3,22.2
2020-01-01T04:22:30Z,Omme Å - Sønderskov bro,2021,391.5,22.4
2020-01-01T05:22:30Z,Omme Å - Sønderskov bro,2021,391.7,22.6
2020-01-01T06:22:30Z,Omme Å - Sønderskov bro,2021,391.9,22.8
2020-01-01T07:22:30Z,Omme Å - Sønderskov bro,2021,392.1,23
2020-01-01T08:22:30Z,Omme Å - Sønderskov bro,2021,392.2,23.1
2020-01-01T09:22:30Z,Omme Å - Sønderskov bro,2021,392.4,23.3
2020-01-01T10:22:30Z,Omme Å - Sønderskov bro,2021,392.6,23.5
2020-01-01T11:22:30Z,Omme Å - Sønderskov bro,2021,392.8,23.7
2020-01-01T12:22:30Z,Omme Å - Sønderskov bro,2021,393.1,24
2020-01-01T13:22:30Z,Omme Å - Sønderskov bro,2021,393.3,24.2
2020-01-01T14:22:30Z,Omme Å - Sønderskov bro,2021,393.5,24.4
2020-01-01T15:22:30Z,Omme Å - Sønderskov bro,2021,393.9,24.8
2020-01-01T16:22:30Z,Omme Å - Sønderskov bro,2021,394.2,25.1
2020-01-01T17:22:30Z,Omme Å - Sønderskov bro,2021,394.4,25.4
2020-01-01T18:22:30Z,Omme Å - Sønderskov bro,2021,394.8,25.7
2020-01-01T19:22:30Z,Omme Å - Sønderskov bro,2021,395.1,26
2020-01-01T20:22:30Z,Omme Å - Sønderskov bro,2021,395.5,26.4
2020-01-01T21:22:30Z,Omme Å - Sønderskov bro,2021,395.8,26.7
2020-01-01T22:22:30Z,Omme Å - Sønderskov bro,2021,395.9,26.8
2020-01-01T23:22:30Z,Omme Å - Sønderskov bro,2021,396.1,27
2020-01-01T00:22:30Z,Omme Å - Sønderskov bro,2022,363.5,-5.6
2020-01-01T01:22:30Z,Omme Å - Sønderskov bro,2022,364.3,-4.8
2020-01-01T02:22:30Z,Omme Å - Sønderskov bro,2022,365,-4.2
2020-01-01T03:22:30Z,Omme Å - Sønderskov bro,2022,365.5,-3.6
2020-01-01T04:22:30Z,Omme Å - Sønderskov bro,2022,366,-3
2020-01-01T05:22:30Z,Omme Å - Sønderskov bro,2022,366.4,-2.7
2020-01-01T06:22:30Z,Omme Å - Sønderskov bro,2022,366.7,-2.4
2020-01-01T07:22:30Z,Omme Å - Sønderskov bro,2022,367,-2.1
2020-01-01T08:22:30Z,Omme Å - Sønderskov bro,2022,367.1,-2
2020-01-01T09:22:30Z,Omme Å - Sønderskov bro,2022,367.2,-1.9
2020-01-01T10:22:30Z,Omme Å - Sønderskov bro,2022,367.2,-1.9
2020-01-01T11:22:30Z,Omme Å - Sønderskov bro,2022,367.2,-1.9
2020-01-01T12:22:30Z,Omme Å - Sønderskov bro,2022,367.2,-2
2020-01-01T13:22:30Z,Omme Å - Sønderskov bro,2022,367.1,-2
2020-01-01T14:22:30Z,Omme Å - Sønderskov bro,2022,367,-2.1
2020-01-01T15:22:30Z,Omme Å - Sønderskov bro,2022,366.9,-2.1
2020-01-01T16:22:30Z,Omme Å - Sønderskov bro,2022,366.9,-2.2
2020-01-01T17:22:30Z,Omme Å - Sønderskov bro,2022,366.8,-2.3
2020-01-01T18:22:30Z,Omme Å - Sønderskov bro,2022,366.7,-2.4
2020-01-01T19:22:30Z,Omme Å - Sønderskov bro,2022,366.7,-2.4
2020-01-01T20:22:30Z,Omme Å - Sønderskov bro,2022,366.9,-2.2
2020-01-01T21:22:30Z,Omme Å - Sønderskov bro,2022,367.1,-2.1
2020-01-01T22:22:30Z,Omme Å - Sønderskov bro,2022,367.1,-2
2020-01-01T23:22:30Z,Omme Å - Sønderskov bro,2022,367.3,-1.8
2020-01-01T00:25:00Z,Omme Å - Sønderskov bro,2023,389.3,20.2
2020-01-01T01:25:00Z,Omme Å - Sønderskov bro,2023,389.3,20.2
2020-01-01T02:25:00Z,Omme Å - Sønderskov bro,2023,389.7,20.6
2020-01-01T03:25:00Z,Omme Å - Sønderskov bro,2023,389.4,20.3
2020-01-01T04:25:00Z,Omme Å - Sønderskov bro,2023,389.7,20.6
2020-01-01T05:25:00Z,Omme Å - Sønderskov bro,2023,389.6,20.5
2020-01-01T06:25:00Z,Omme Å - Sønderskov bro,2023,389.9,20.8
2020-01-01T07:25:00Z,Omme Å - Sønderskov bro,2023,389.7,20.6
2020-01-01T08:25:00Z,Omme Å - Sønderskov bro,2023,390.3,21.2
2020-01-01T09:25:00Z,Omme Å - Sønderskov bro,2023,390.5,21.4
2020-01-01T10:25:00Z,Omme Å - Sønderskov bro,2023,390.9,21.8
2020-01-01T11:25:00Z,Omme Å - Sønderskov bro,2023,390.9,21.9
2020-01-01T12:25:00Z,Omme Å - Sønderskov bro,2023,390.7,21.6
2020-01-01T13:25:00Z,Omme Å - Sønderskov bro,2023,390.9,21.8
2020-01-01T14:25:00Z,Omme Å - Sønderskov bro,2023,391.1,22
2020-01-01T15:25:00Z,Omme Å - Sønderskov bro,2023,390.8,21.7
2020-01-01T16:25:00Z,Omme Å - Sønderskov bro,2023,391.2,22.1
2020-01-01T17:25:00Z,Omme Å - Sønderskov bro,2023,391.3,22.2
2020-01-01T18:25:00Z,Omme Å - Sønderskov bro,2023,391.2,22.1
2020-01-01T19:25:00Z,Omme Å - Sønderskov bro,2023,391.4,22.4
2020-01-01T20:25:00Z,Omme Å - Sønderskov bro,2023,391.8,22.7
2020-01-01T21:25:00Z,Omme Å - Sønderskov bro,2023,392.1,23
2020-01-01T22:25:00Z,Omme Å - Sønderskov bro,2023,391.8,22.7
2020-01-01T23:25:00Z,Omme Å - Sønderskov bro,2023,391.4,22.3
2020-01-01T00:22:30Z,Rind Å - Arnborg kirke,2018,2527.8,18.7
2020-01-01T01:22:30Z,Rind Å - Arnborg kirke,2018,2529,19.9
2020-01-01T02:22:30Z,Rind Å - Arnborg kirke,2018,2530.4,21.3
2020-01-01T03:22:30Z,Rind Å - Arnborg kirke,2018,2531.4,22.3
2020-01-01T04:22:30Z,Rind Å - Arnborg kirke,2018,2532.3,23.2
2020-01-01T05:22:30Z,Rind Å - Arnborg kirke,2018,2533.5,24.4
2020-01-01T06:22:30Z,Rind Å - Arnborg kirke,2018,2534.5,25.4
2020-01-01T07:22:30Z,Rind Å - Arnborg kirke,2018,2536.6,27.4
2020-01-01T08:22:30Z,Rind Å - Arnborg kirke,2018,2538.4,29.3
2020-01-01T09:22:30Z,Rind Å - Arnborg kirke,2018,2540.1,31
2020-01-01T10:22:30Z,Rind Å - Arnborg kirke,2018,2542,32.9
2020-01-01T11:22:30Z,Rind Å - Arnborg kirke,2018,2544.2,35.1
2020-01-01T12:22:30Z,Rind Å - Arnborg kirke,2018,2545.9,36.8
2020-01-01T13:22:30Z,Rind Å - Arnborg kirke,2018,2547.3,38.3
2020-01-01T14:22:30Z,Rind Å - Arnborg kirke,2018,2548.4,39.3
2020-01-01T15:22:30Z,Rind Å - Arnborg kirke,2018,2550,40.8
2020-01-01T16:22:30Z,Rind Å - Arnborg kirke,2018,2551,41.9
2020-01-01T17:22:30Z,Rind Å - Arnborg kirke,2018,2552.4,43.2
2020-01-01T18:22:30Z,Rind Å - Arnborg kirke,2018,2553.6,44.5
2020-01-01T19:22:30Z,Rind Å - Arnborg kirke,2018,2554.3,45.2
2020-01-01T20:22:30Z,Rind Å - Arnborg kirke,2018,2555.9,46.8
2020-01-01T21:22:30Z,Rind Å - Arnborg kirke,2018,2557,47.9
2020-01-01T22:22:30Z,Rind Å - Arnborg kirke,2018,2558.6,49.5
2020-01-01T23:22:30Z,Rind Å - Arnborg kirke,2018,2559.5,50.4
2020-01-01T00:22:30Z,Rind Å - Arnborg kirke,2019,2486.5,-22.6
2020-01-01T01:22:30Z,Rind Å - Arnborg kirke,2019,2486.5,-22.6
2020-01-01T02:22:30Z,Rind Å - Arnborg kirke,2019,2486.5,-22.6
2020-01-01T03:22:30Z,Rind Å - Arnborg kirke,2019,2486.3,-22.8
2020-01-01T04:22:30Z,Rind Å - Arnborg kirke,2019,2486.2,-22.9
2020-01-01T05:22:30Z,Rind Å - Arnborg kirke,2019,2486.3,-22.8
2020-01-01T06:22:30Z,Rind Å - Arnborg kirke,2019,2486.2,-22.9
2020-01-01T07:22:30Z,Rind Å - Arnborg kirke,2019,2486.1,-23
2020-01-01T08:22:30Z,Rind Å - Arnborg kirke,2019,2486.1,-23
2020-01-01T09:22:30Z,Rind Å - Arnborg kirke,2019,2485.8,-23.3
2020-01-01T10:22:30Z,Rind Å - Arnborg kirke,2019,2485.8,-23.3
2020-01-01T11:22:30Z,Rind Å - Arnborg kirke,2019,2485.9,-23.2
2020-01-01T12:22:30Z,Rind Å - Arnborg kirke,2019,2485.4,-23.7
2020-01-01T13:22:30Z,Rind Å - Arnborg kirke,2019,2485.6,-23.5
2020-01-01T14:22:30Z,Rind Å - Arnborg kirke,2019,2485.5,-23.6
2020-01-01T15:22:30Z,Rind Å - Arnborg kirke,2019,2485.2,-23.8
2020-01-01T16:22:30Z,Rind Å - Arnborg kirke,2019,2485.2,-23.9
2020-01-01T17:22:30Z,Rind Å - Arnborg kirke,2019,2485.2,-23.9
2020-01-01T18:22:30Z,Rind Å - Arnborg kirke,2019,2485.2,-23.9
2020-01-01T19:22:30Z,Rind Å - Arnborg kirke,2019,2484.9,-24.2
2020-01-01T20:22:30Z,Rind Å - Arnborg kirke,2019,2484.7,-24.4
2020-01-01T21:22:30Z,Rind Å - Arnborg kirke,2019,2484.7,-24.4
2020-01-01T22:22:30Z,Rind Å - Arnborg kirke,2019,2484.6,-24.5
2020-01-01T23:22:30Z,Rind Å - Arnborg kirke,2019,2484.5,-24.6
2020-01-01T00:22:30Z,Rind Å - Arnborg kirke,2020,2499.9,-9.2
2020-01-01T01:22:30Z,Rind Å - Arnborg kirke,2020,2499.6,-9.5
2020-01-01T02:22:30Z,Rind Å - Arnborg kirke,2020,2499.3,-9.8
2020-01-01T03:22:30Z,Rind Å - Arnborg kirke,2020,2499.2,-9.9
2020-01-01T04:22:30Z,Rind Å - Arnborg kirke,2020,2499.1,-10
2020-01-01T05:22:30Z,Rind Å - Arnborg kirke,2020,2499.2,-9.9
2020-01-01T06:22:30Z,Rind Å - Arnborg kirke,2020,2498.8,-10.3
2020-01-01T07:22:30Z,Rind Å - Arnborg kirke,2020,2499,-10.1
2020-01-01T08:22:30Z,Rind Å - Arnborg kirke,2020,2498.5,-10.5
2020-01-01T09:22:30Z,Rind Å - Arnborg kirke,2020,2498.8,-10.3
2020-01-01T10:22:30Z,Rind Å - Arnborg kirke,2020,2498.7,-10.4
2020-01-01T11:22:30Z,Rind Å - Arnborg kirke,2020,2498.6,-10.5
2020-01-01T12:22:30Z,Rind Å - Arnborg kirke,2020,2498.7,-10.4
2020-01-01T13:22:30Z,Rind Å - Arnborg kirke,2020,2498.3,-10.8
2020-01-01T14:22:30Z,Rind Å - Arnborg kirke,2020,2498.3,-10.8
2020-01-01T15:22:30Z,Rind Å - Arnborg kirke,2020,2498,-11.1
2020-01-01T16:22:30Z,Rind Å - Arnborg kirke,2020,2497.9,-11.2
2020-01-01T17:22:30Z,Rind Å - Arnborg kirke,2020,2497.9,-11.2
2020-01-01T18:22:30Z,Rind Å - Arnborg kirke,2020,2497.9,-11.2
2020-01-01T19:22:30Z,Rind Å - Arnborg kirke,2020,2497.7,-11.4
2020-01-01T20:22:30Z,Rind Å - Arnborg kirke,2020,2497.8,-11.3
2020-01-01T21:22:30Z,Rind Å - Arnborg kirke,2020,2497.8,-11.3
2020-01-01T22:22:30Z,Rind Å - Arnborg kirke,2020,2497.5,-11.6
2020-01-01T23:22:30Z,Rind Å - Arnborg kirke,2020,2497.6,-11.5
2020-01-01T00:22:30Z,Rind Å - Arnborg kirke,2021,2509.8,0.7
2020-01-01T01:22:30Z,Rind Å - Arnborg kirke,2021,2509.3,0.2
2020-01-01T02:22:30Z,Rind Å - Arnborg kirke,2021,2508.8,-0.3
2020-01-01T03:22:30Z,Rind Å - Arnborg kirke,2021,2508.8,-0.3
2020-01-01T04:22:30Z,Rind Å - Arnborg kirke,2021,2508.1,-1
2020-01-01T05:22:30Z,Rind Å - Arnborg kirke,2021,2507.8,-1.2
2020-01-01T06:22:30Z,Rind Å - Arnborg kirke,2021,2507.7,-1.4
2020-01-01T07:22:30Z,Rind Å - Arnborg kirke,2021,2507.1,-2
2020-01-01T08:22:30Z,Rind Å - Arnborg kirke,2021,2507.1,-2
2020-01-01T09:22:30Z,Rind Å - Arnborg kirke,2021,2506.7,-2.5
2020-01-01T10:22:30Z,Rind Å - Arnborg kirke,2021,2506.4,-2.7
2020-01-01T11:22:30Z,Rind Å - Arnborg kirke,2021,2506.1,-3
2020-01-01T12:22:30Z,Rind Å - Arnborg kirke,2021,2505.7,-3.4
2020-01-01T13:22:30Z,Rind Å - Arnborg kirke,2021,2505.5,-3.6
2020-01-01T14:22:30Z,Rind Å - Arnborg kirke,2021,2505.1,-4
2020-01-01T15:22:30Z,Rind Å - Arnborg kirke,2021,2504.2,-4.9
2020-01-01T16:22:30Z,Rind Å - Arnborg kirke,2021,2503.7,-5.4
2020-01-01T17:22:30Z,Rind Å - Arnborg kirke,2021,2503.5,-5.7
2020-01-01T18:22:30Z,Rind Å - Arnborg kirke,2021,2503.1,-6
2020-01-01T19:22:30Z,Rind Å - Arnborg kirke,2021,2502.8,-6.4
2020-01-01T20:22:30Z,Rind Å - Arnborg kirke,2021,2502.5,-6.6
2020-01-01T21:22:30Z,Rind Å - Arnborg kirke,2021,2502.4,-6.7
2020-01-01T22:22:30Z,Rind Å - Arnborg kirke,2021,2502.3,-6.9
2020-01-01T23:22:30Z,Rind Å - Arnborg kirke,2021,2501.8,-7.3
2020-01-01T00:22:30Z,Rind Å - Arnborg kirke,2022,2511.3,2.2
2020-01-01T01:22:30Z,Rind Å - Arnborg kirke,2022,2511.9,2.8
2020-01-01T02:22:30Z,Rind Å - Arnborg kirke,2022,2512.1,3
2020-01-01T03:22:30Z,Rind Å - Arnborg kirke,2022,2512.8,3.7
2020-01-01T04:22:30Z,Rind Å - Arnborg kirke,2022,2513.1,4
2020-01-01T05:22:30Z,Rind Å - Arnborg kirke,2022,2512.7,3.5
2020-01-01T06:22:30Z,Rind Å - Arnborg kirke,2022,2511.8,2.7
2020-01-01T07:22:30Z,Rind Å - Arnborg kirke,2022,2511.6,2.4
2020-01-01T08:22:30Z,Rind Å - Arnborg kirke,2022,2510.9,1.8
2020-01-01T09:22:30Z,Rind Å - Arnborg kirke,2022,2510.2,1.1
2020-01-01T10:22:30Z,Rind Å - Arnborg kirke,2022,2510,0.9
2020-01-01T11:22:30Z,Rind Å - Arnborg kirke,2022,2509.6,0.5
2020-01-01T12:22:30Z,Rind Å - Arnborg kirke,2022,2509.1,0.1
2020-01-01T13:22:30Z,Rind Å - Arnborg kirke,2022,2508.7,-0.4
2020-01-01T14:22:30Z,Rind Å - Arnborg kirke,2022,2508.9,-0.2
2020-01-01T15:22:30Z,Rind Å - Arnborg kirke,2022,2508.5,-0.6
2020-01-01T16:22:30Z,Rind Å - Arnborg kirke,2022,2508.1,-1
2020-01-01T17:22:30Z,Rind Å - Arnborg kirke,2022,2508.2,-0.9
2020-01-01T18:22:30Z,Rind Å - Arnborg kirke,2022,2507.9,-1.2
2020-01-01T19:22:30Z,Rind Å - Arnborg kirke,2022,2507.8,-1.3
2020-01-01T20:22:30Z,Rind Å - Arnborg kirke,2022,2508.2,-0.9
2020-01-01T21:22:30Z,Rind Å - Arnborg kirke,2022,2507.5,-1.7
2020-01-01T22:22:30Z,Rind Å - Arnborg kirke,2022,2507.8,-1.3
2020-01-01T23:22:30Z,Rind Å - Arnborg kirke,2022,2508,-1
2020-01-01T00:25:00Z,Rind Å - Arnborg kirke,2023,2558.3,49.2
2020-01-01T01:25:00Z,Rind Å - Arnborg kirke,2023,2558.4,49.3
2020-01-01T02:25:00Z,Rind Å - Arnborg kirke,2023,2558.3,49.2
2020-01-01T03:25:00Z,Rind Å - Arnborg kirke,2023,2558.7,49.6
2020-01-01T04:25:00Z,Rind Å - Arnborg kirke,2023,2558.9,49.8
2020-01-01T05:25:00Z,Rind Å - Arnborg kirke,2023,2559.2,50.1
2020-01-01T06:25:00Z,Rind Å - Arnborg kirke,2023,2559.5,50.4
2020-01-01T07:25:00Z,Rind Å - Arnborg kirke,2023,2560.1,51
2020-01-01T08:25:00Z,Rind Å - Arnborg kirke,2023,2560.5,51.4
2020-01-01T09:25:00Z,Rind Å - Arnborg kirke,2023,2561.1,52
2020-01-01T10:25:00Z,Rind Å - Arnborg kirke,2023,2561.8,52.7
2020-01-01T11:25:00Z,Rind Å - Arnborg kirke,2023,2562.5,53.4
2020-01-01T12:25:00Z,Rind Å - Arnborg kirke,2023,2563,53.9
2020-01-01T13:25:00Z,Rind Å - Arnborg kirke,2023,2563.6,54.5
2020-01-01T14:25:00Z,Rind Å - Arnborg kirke,2023,2564,54.9
2020-01-01T15:25:00Z,Rind Å - Arnborg kirke,2023,2564.6,55.6
2020-01-01T16:25:00Z,Rind Å - Arnborg kirke,2023,2565.3,56.2
2020-01-01T17:25:00Z,Rind Å - Arnborg kirke,2023,2565.9,56.8
2020-01-01T18:25:00Z,Rind Å - Arnborg kirke,2023,2566.4,57.3
2020-01-01T19:25:00Z,Rind Å - Arnborg kirke,2023,2566.8,57.7
2020-01-01T20:25:00Z,Rind Å - Arnborg kirke,2023,2567.5,58.4
2020-01-01T21:25:00Z,Rind Å - Arnborg kirke,2023,2568.2,59.1
2020-01-01T22:25:00Z,Rind Å - Arnborg kirke,2023,2568.8,59.7
2020-01-01T23:25:00Z,Rind Å - Arnborg kirke,2023,2569.1,60
2020-01-01T00:22:30Z,Skjern Å - Alergaard,2020,707.6,-6.6
2020-01-01T01:22:30Z,Skjern Å - Alergaard,2020,708.1,-6.1
2020-01-01T02:22:30Z,Skjern Å - Alergaard,2020,707.7,-6.5
2020-01-01T03:22:30Z,Skjern Å - Alergaard,2020,707.4,-6.8
2020-01-01T04:22:30Z,Skjern Å - Alergaard,2020,707.7,-6.5
2020-01-01T05:22:30Z,Skjern Å - Alergaard,2020,707.6,-6.6
2020-01-01T06:22:30Z,Skjern Å - Alergaard,2020,707.6,-6.6
2020-01-01T07:22:30Z,Skjern Å - Alergaard,2020,707.8,-6.4
2020-01-01T08:22:30Z,Skjern Å - Alergaard,2020,707.5,-6.7
2020-01-01T09:22:30Z,Skjern Å - Alergaard,2020,707.7,-6.5
2020-01-01T10:22:30Z,Skjern Å - Alergaard,2020,707.9,-6.3
2020-01-01T11:22:30Z,Skjern Å - Alergaard,2020,707.6,-6.6
2020-01-01T12:22:30Z,Skjern Å - Alergaard,2020,707.7,-6.5
2020-01-01T13:22:30Z,Skjern Å - Alergaard,2020,707.4,-6.8
2020-01-01T14:22:30Z,Skjern Å - Alergaard,2020,707.5,-6.7
2020-01-01T15:22:30Z,Skjern Å - Alergaard,2020,707.5,-6.7
2020-01-01T16:22:30Z,Skjern Å - Alergaard,2020,707.1,-7.1
2020-01-01T17:22:30Z,Skjern Å - Alergaard,2020,707,-7.2
2020-01-01T18:22:30Z,Skjern Å - Alergaard,2020,706.6,-7.6
2020-01-01T19:22:30Z,Skjern Å - Alergaard,2020,706.8,-7.4
2020-01-01T20:22:30Z,Skjern Å - Alergaard,2020,706.5,-7.7
2020-01-01T21:22:30Z,Skjern Å - Alergaard,2020,706.7,-7.6
2020-01-01T22:22:30Z,Skjern Å - Alergaard,2020,706.1,-8.1
2020-01-01T23:22:30Z,Skjern Å - Alergaard,2020,706,-8.2
2020-01-01T00:22:30Z,Skjern Å - Alergaard,2021,725.8,11.6
2020-01-01T01:22:30Z,Skjern Å - Alergaard,2021,726.8,12.6
2020-01-01T02:22:30Z,Skjern Å - Alergaard,2021,727.5,13.3
2020-01-01T03:22:30Z,Skjern Å - Alergaard,2021,728.3,14.1
2020-01-01T04:22:30Z,Skjern Å - Alergaard,2021,728.9,14.7
2020-01-01T05:22:30Z,Skjern Å - Alergaard,2021,729.4,15.2
2020-01-01T06:22:30Z,Skjern Å - Alergaard,2021,730.2,16
2020-01-01T07:22:30Z,Skjern Å - Alergaard,2021,731.2,17
2020-01-01T08:22:30Z,Skjern Å - Alergaard,2021,731.8,17.6
2020-01-01T09:22:30Z,Skjern Å - Alergaard,2021,732.2,18
2020-01-01T10:22:30Z,Skjern Å - Alergaard,2021,732.9,18.7
2020-01-01T11:22:30Z,Skjern Å - Alergaard,2021,733.2,19
2020-01-01T12:22:30Z,Skjern Å - Alergaard,2021,733.8,19.6
2020-01-01T13:22:30Z,Skjern Å - Alergaard,2021,734.6,20.4
2020-01-01T14:22:30Z,Skjern Å - Alergaard,2021,735,20.8
2020-01-01T15:22:30Z,Skjern Å - Alergaard,2021,735.5,21.2
2020-01-01T16:22:30Z,Skjern Å - Alergaard,2021,736,21.8
2020-01-01T17:22:30Z,Skjern Å - Alergaard,2021,736.1,21.9
2020-01-01T18:22:30Z,Skjern Å - Alergaard,2021,736.7,22.6
2020-01-01T19:22:30Z,Skjern Å - Alergaard,2021,736.3,22
2020-01-01T20:22:30Z,Skjern Å - Alergaard,2021,736.4,22.1
2020-01-01T21:22:30Z,Skjern Å - Alergaard,2021,736.5,22.3
2020-01-01T22:22:30Z,Skjern Å - Alergaard,2021,736.5,22.2
2020-01-01T23:22:30Z,Skjern Å - Alergaard,2021,736,21.8
2020-01-01T00:22:30Z,Skjern Å - Alergaard,2022,704.2,-10
2020-01-01T01:22:30Z,Skjern Å - Alergaard,2022,705.4,-8.8
2020-01-01T02:22:30Z,Skjern Å - Alergaard,2022,706.8,-7.4
2020-01-01T03:22:30Z,Skjern Å - Alergaard,2022,707.9,-6.3
2020-01-01T04:22:30Z,Skjern Å - Alergaard,2022,709.2,-5
2020-01-01T05:22:30Z,Skjern Å - Alergaard,2022,710,-4.2
2020-01-01T06:22:30Z,Skjern Å - Alergaard,2022,711,-3.1
2020-01-01T07:22:30Z,Skjern Å - Alergaard,2022,711.6,-2.6
2020-01-01T08:22:30Z,Skjern Å - Alergaard,2022,712.3,-1.9
2020-01-01T09:22:30Z,Skjern Å - Alergaard,2022,712.7,-1.5
2020-01-01T10:22:30Z,Skjern Å - Alergaard,2022,712.9,-1.2
2020-01-01T11:22:30Z,Skjern Å - Alergaard,2022,713.4,-0.8
2020-01-01T12:22:30Z,Skjern Å - Alergaard,2022,713.7,-0.5
2020-01-01T13:22:30Z,Skjern Å - Alergaard,2022,713.8,-0.4
2020-01-01T14:22:30Z,Skjern Å - Alergaard,2022,713.6,-0.5
2020-01-01T15:22:30Z,Skjern Å - Alergaard,2022,713.7,-0.5
2020-01-01T16:22:30Z,Skjern Å - Alergaard,2022,713.7,-0.4
2020-01-01T17:22:30Z,Skjern Å - Alergaard,2022,713.5,-0.7
2020-01-01T18:22:30Z,Skjern Å - Alergaard,2022,713.2,-1
2020-01-01T19:22:30Z,Skjern Å - Alergaard,2022,713.2,-1
2020-01-01T20:22:30Z,Skjern Å - Alergaard,2022,713,-1.2
2020-01-01T21:22:30Z,Skjern Å - Alergaard,2022,712.9,-1.2
2020-01-01T22:22:30Z,Skjern Å - Alergaard,2022,712.6,-1.6
2020-01-01T23:22:30Z,Skjern Å - Alergaard,2022,712.8,-1.4
2020-01-01T00:25:00Z,Skjern Å - Alergaard,2023,763.5,49.3
2020-01-01T01:25:00Z,Skjern Å - Alergaard,2023,763.6,49.4
2020-01-01T02:25:00Z,Skjern Å - Alergaard,2023,763.7,49.5
2020-01-01T03:25:00Z,Skjern Å - Alergaard,2023,764.3,50.1
2020-01-01T04:25:00Z,Skjern Å - Alergaard,2023,764.3,50.1
2020-01-01T05:25:00Z,Skjern Å - Alergaard,2023,764.6,50.4
2020-01-01T06:25:00Z,Skjern Å - Alergaard,2023,764.3,50.1
2020-01-01T07:25:00Z,Skjern Å - Alergaard,2023,765,50.8
2020-01-01T08:25:00Z,Skjern Å - Alergaard,2023,765.4,51.2
2020-01-01T09:25:00Z,Skjern Å - Alergaard,2023,765.9,51.7
2020-01-01T10:25:00Z,Skjern Å - Alergaard,2023,766.2,52
2020-01-01T11:25:00Z,Skjern Å - Alergaard,2023,766.7,52.5
2020-01-01T12:25:00Z,Skjern Å - Alergaard,2023,767.5,53.3
2020-01-01T13:25:00Z,Skjern Å - Alergaard,2023,768.1,53.9
2020-01-01T14:25:00Z,Skjern Å - Alergaard,2023,768.4,54.2
2020-01-01T15:25:00Z,Skjern Å - Alergaard,2023,768.9,54.7
2020-01-01T16:25:00Z,Skjern Å - Alergaard,2023,769.4,55.2
2020-01-01T17:25:00Z,Skjern Å - Alergaard,2023,769.8,55.6
2020-01-01T18:25:00Z,Skjern Å - Alergaard,2023,770.5,56.3
2020-01-01T19:25:00Z,Skjern Å - Alergaard,2023,770.8,56.6
2020-01-01T20:25:00Z,Skjern Å - Alergaard,2023,771.2,57
2020-01-01T21:25:00Z,Skjern Å - Alergaard,2023,771.6,57.4
2020-01-01T22:25:00Z,Skjern Å - Alergaard,2023,772,57.9
2020-01-01T23:25:00Z,Skjern Å - Alergaard,2023,772.4,58.2
2020-01-01T00:22:30Z,Skjern Å - Gjaldbæk bro,2018,521.5,29.1
2020-01-01T01:22:30Z,Skjern Å - Gjaldbæk bro,2018,522.2,29.8
2020-01-01T02:22:30Z,Skjern Å - Gjaldbæk bro,2018,523,30.6
2020-01-01T03:22:30Z,Skjern Å - Gjaldbæk bro,2018,523.6,31.2
2020-01-01T04:22:30Z,Skjern Å - Gjaldbæk bro,2018,524.2,31.8
2020-01-01T05:22:30Z,Skjern Å - Gjaldbæk bro,2018,525.1,32.7
2020-01-01T06:22:30Z,Skjern Å - Gjaldbæk bro,2018,525.9,33.5
2020-01-01T07:22:30Z,Skjern Å - Gjaldbæk bro,2018,526.8,34.4
2020-01-01T08:22:30Z,Skjern Å - Gjaldbæk bro,2018,527.4,35
2020-01-01T09:22:30Z,Skjern Å - Gjaldbæk bro,2018,528.3,35.9
2020-01-01T10:22:30Z,Skjern Å - Gjaldbæk bro,2018,529.5,37
2020-01-01T11:22:30Z,Skjern Å - Gjaldbæk bro,2018,530.4,38
2020-01-01T12:22:30Z,Skjern Å - Gjaldbæk bro,2018,531.4,39
2020-01-01T13:22:30Z,Skjern Å - Gjaldbæk bro,2018,532.3,39.9
2020-01-01T14:22:30Z,Skjern Å - Gjaldbæk bro,2018,533.3,40.9
2020-01-01T15:22:30Z,Skjern Å - Gjaldbæk bro,2018,534.1,41.7
2020-01-01T16:22:30Z,Skjern Å - Gjaldbæk bro,2018,534.9,42.5
2020-01-01T17:22:30Z,Skjern Å - Gjaldbæk bro,2018,535.7,43.3
2020-01-01T18:22:30Z,Skjern Å - Gjaldbæk bro,2018,536.5,44.1
2020-01-01T19:22:30Z,Skjern Å - Gjaldbæk bro,2018,537.3,44.9
2020-01-01T20:22:30Z,Skjern Å - Gjaldbæk bro,2018,537.9,45.5
2020-01-01T21:22:30Z,Skjern Å - Gjaldbæk bro,2018,538.5,46.2
2020-01-01T22:22:30Z,Skjern Å - Gjaldbæk bro,2018,539.2,46.8
2020-01-01T23:22:30Z,Skjern Å - Gjaldbæk bro,2018,539.7,47.3
2020-01-01T00:22:30Z,Skjern Å - Gjaldbæk bro,2020,486.8,-5.6
2020-01-01T01:22:30Z,Skjern Å - Gjaldbæk bro,2020,486.7,-5.7
2020-01-01T02:22:30Z,Skjern Å - Gjaldbæk bro,2020,486.6,-5.8
2020-01-01T03:22:30Z,Skjern Å - Gjaldbæk bro,2020,486.5,-5.9
2020-01-01T04:22:30Z,Skjern Å - Gjaldbæk bro,2020,486.3,-6.1
2020-01-01T05:22:30Z,Skjern Å - Gjaldbæk bro,2020,486.2,-6.2
2020-01-01T06:22:30Z,Skjern Å - Gjaldbæk bro,2020,486.1,-6.3
2020-01-01T07:22:30Z,Skjern Å - Gjaldbæk bro,2020,486,-6.4
2020-01-01T08:22:30Z,Skjern Å - Gjaldbæk bro,2020,486.1,-6.3
2020-01-01T09:22:30Z,Skjern Å - Gjaldbæk bro,2020,486.1,-6.2
2020-01-01T10:22:30Z,Skjern Å - Gjaldbæk bro,2020,486.2,-6.2
2020-01-01T11:22:30Z,Skjern Å - Gjaldbæk bro,2020,486,-6.4
2020-01-01T12:22:30Z,Skjern Å - Gjaldbæk bro,2020,486,-6.4
2020-01-01T13:22:30Z,Skjern Å - Gjaldbæk bro,2020,486,-6.4
2020-01-01T14:22:30Z,Skjern Å - Gjaldbæk bro,2020,485.9,-6.5
2020-01-01T15:22:30Z,Skjern Å - Gjaldbæk bro,2020,485.8,-6.7
2020-01-01T16:22:30Z,Skjern Å - Gjaldbæk bro,2020,485.6,-6.8
2020-01-01T17:22:30Z,Skjern Å - Gjaldbæk bro,2020,485.5,-6.9
2020-01-01T18:22:30Z,Skjern Å - Gjaldbæk bro,2020,485.4,-7
2020-01-01T19:22:30Z,Skjern Å - Gjaldbæk bro,2020,485.3,-7.1
2020-01-01T20:22:30Z,Skjern Å - Gjaldbæk bro,2020,485.1,-7.3
2020-01-01T21:22:30Z,Skjern Å - Gjaldbæk bro,2020,484.9,-7.5
2020-01-01T22:22:30Z,Skjern Å - Gjaldbæk bro,2020,484.8,-7.6
2020-01-01T23:22:30Z,Skjern Å - Gjaldbæk bro,2020,484.6,-7.8
2020-01-01T00:22:30Z,Skjern Å - Gjaldbæk bro,2021,510.5,18
2020-01-01T01:22:30Z,Skjern Å - Gjaldbæk bro,2021,510.6,18.2
2020-01-01T02:22:30Z,Skjern Å - Gjaldbæk bro,2021,511,18.6
2020-01-01T03:22:30Z,Skjern Å - Gjaldbæk bro,2021,511.4,19
2020-01-01T04:22:30Z,Skjern Å - Gjaldbæk bro,2021,511.8,19.4
2020-01-01T05:22:30Z,Skjern Å - Gjaldbæk bro,2021,512.2,19.8
2020-01-01T06:22:30Z,Skjern Å - Gjaldbæk bro,2021,512.5,20.1
2020-01-01T07:22:30Z,Skjern Å - Gjaldbæk bro,2021,512.6,20.2
2020-01-01T08:22:30Z,Skjern Å - Gjaldbæk bro,2021,513.1,20.7
2020-01-01T09:22:30Z,Skjern Å - Gjaldbæk bro,2021,513.2,20.8
2020-01-01T10:22:30Z,Skjern Å - Gjaldbæk bro,2021,513.5,21.1
2020-01-01T11:22:30Z,Skjern Å - Gjaldbæk bro,2021,513.8,21.4
2020-01-01T12:22:30Z,Skjern Å - Gjaldbæk bro,2021,513.9,21.5
2020-01-01T13:22:30Z,Skjern Å - Gjaldbæk bro,2021,514.1,21.8
2020-01-01T14:22:30Z,Skjern Å - Gjaldbæk bro,2021,514.3,21.9
2020-01-01T15:22:30Z,Skjern Å - Gjaldbæk bro,2021,514.4,22
2020-01-01T16:22:30Z,Skjern Å - Gjaldbæk bro,2021,515,22.6
2020-01-01T17:22:30Z,Skjern Å - Gjaldbæk bro,2021,515.1,22.7
2020-01-01T18:22:30Z,Skjern Å - Gjaldbæk bro,2021,515.3,22.9
2020-01-01T19:22:30Z,Skjern Å - Gjaldbæk bro,2021,515.3,22.9
2020-01-01T20:22:30Z,Skjern Å - Gjaldbæk bro,2021,515.6,23.2
2020-01-01T21:22:30Z,Skjern Å - Gjaldbæk bro,2021,515.5,23.1
2020-01-01T22:22:30Z,Skjern Å - Gjaldbæk bro,2021,515.5,23.1
2020-01-01T23:22:30Z,Skjern Å - Gjaldbæk bro,2021,515.5,23.1
2020-01-01T00:22:30Z,Skjern Å - Gjaldbæk bro,2022,490,-2.4
2020-01-01T01:22:30Z,Skjern Å - Gjaldbæk bro,2022,491.5,-0.9
2020-01-01T02:22:30Z,Skjern Å - Gjaldbæk bro,2022,493,0.5
2020-01-01T03:22:30Z,Skjern Å - Gjaldbæk bro,2022,494.5,2.1
2020-01-01T04:22:30Z,Skjern Å - Gjaldbæk bro,2022,495.6,3.2
2020-01-01T05:22:30Z,Skjern Å - Gjaldbæk bro,2022,496.7,4.3
2020-01-01T06:22:30Z,Skjern Å - Gjaldbæk bro,2022,497.6,5.2
2020-01-01T07:22:30Z,Skjern Å - Gjaldbæk bro,2022,498.3,5.9
2020-01-01T08:22:30Z,Skjern Å - Gjaldbæk bro,2022,499.1,6.7
2020-01-01T09:22:30Z,Skjern Å - Gjaldbæk bro,2022,499.6,7.2
2020-01-01T10:22:30Z,Skjern Å - Gjaldbæk bro,2022,500.3,7.9
2020-01-01T11:22:30Z,Skjern Å - Gjaldbæk bro,2022,500.9,8.5
2020-01-01T12:22:30Z,Skjern Å - Gjaldbæk bro,2022,501.5,9.1
2020-01-01T13:22:30Z,Skjern Å - Gjaldbæk bro,2022,502,9.6
2020-01-01T14:22:30Z,Skjern Å - Gjaldbæk bro,2022,502.3,9.9
2020-01-01T15:22:30Z,Skjern Å - Gjaldbæk bro,2022,502.6,10.2
2020-01-01T16:22:30Z,Skjern Å - Gjaldbæk bro,2022,502.8,10.4
2020-01-01T17:22:30Z,Skjern Å - Gjaldbæk bro,2022,502.8,10.4
2020-01-01T18:22:30Z,Skjern Å - Gjaldbæk bro,2022,502.6,10.2
2020-01-01T19:22:30Z,Skjern Å - Gjaldbæk bro,2022,502.5,10.2
2020-01-01T20:22:30Z,Skjern Å - Gjaldbæk bro,2022,502.7,10.3
2020-01-01T21:22:30Z,Skjern Å - Gjaldbæk bro,2022,502.2,9.8
2020-01-01T22:22:30Z,Skjern Å - Gjaldbæk bro,2022,501.8,9.3
2020-01-01T23:22:30Z,Skjern Å - Gjaldbæk bro,2022,501.3,8.9
2020-01-01T00:25:00Z,Skjern Å - Gjaldbæk bro,2023,534.4,41.9
2020-01-01T01:25:00Z,Skjern Å - Gjaldbæk bro,2023,534.5,42.1
2020-01-01T02:25:00Z,Skjern Å - Gjaldbæk bro,2023,534.4,42
2020-01-01T03:25:00Z,Skjern Å - Gjaldbæk bro,2023,534.5,42.1
2020-01-01T04:25:00Z,Skjern Å - Gjaldbæk bro,2023,534,41.6
2020-01-01T05:25:00Z,Skjern Å - Gjaldbæk bro,2023,534.3,41.8
2020-01-01T06:25:00Z,Skjern Å - Gjaldbæk bro,2023,534.4,41.9
2020-01-01T07:25:00Z,Skjern Å - Gjaldbæk bro,2023,534.5,42.1
2020-01-01T08:25:00Z,Skjern Å - Gjaldbæk bro,2023,534.3,41.9
2020-01-01T09:25:00Z,Skjern Å - Gjaldbæk bro,2023,534.6,42.2
2020-01-01T10:25:00Z,Skjern Å - Gjaldbæk bro,2023,534.8,42.4
2020-01-01T11:25:00Z,Skjern Å - Gjaldbæk bro,2023,534.9,42.5
2020-01-01T12:25:00Z,Skjern Å - Gjaldbæk bro,2023,535.4,42.9
2020-01-01T13:25:00Z,Skjern Å - Gjaldbæk bro,2023,535.3,42.9
2020-01-01T14:25:00Z,Skjern Å - Gjaldbæk bro,2023,535.5,43.1
2020-01-01T15:25:00Z,Skjern Å - Gjaldbæk bro,2023,535.9,43.5
2020-01-01T16:25:00Z,Skjern Å - Gjaldbæk bro,2023,536.1,43.7
2020-01-01T17:25:00Z,Skjern Å - Gjaldbæk bro,2023,536.2,43.8
2020-01-01T18:25:00Z,Skjern Å - Gjaldbæk bro,2023,536.2,43.9
2020-01-01T19:25:00Z,Skjern Å - Gjaldbæk bro,2023,536.7,44.3
2020-01-01T20:25:00Z,Skjern Å - Gjaldbæk bro,2023,537.1,44.7
2020-01-01T21:25:00Z,Skjern Å - Gjaldbæk bro,2023,537.3,44.9
2020-01-01T22:25:00Z,Skjern Å - Gjaldbæk bro,2023,537.3,44.9
2020-01-01T23:25:00Z,Skjern Å - Gjaldbæk bro,2023,537.4,45
2020-01-01T00:16:00Z,Skjern Å - Landevejsbroen,2022,208.1,-7.7
2020-01-01T01:27:00Z,Skjern Å - Landevejsbroen,2022,209.9,-5.9
2020-01-01T02:30:00Z,Skjern Å - Landevejsbroen,2022,210.4,-5.4
2020-01-01T03:33:00Z,Skjern Å - Landevejsbroen,2022,211.4,-4.4
2020-01-01T04:28:00Z,Skjern Å - Landevejsbroen,2022,211.7,-4.1
2020-01-01T05:16:00Z,Skjern Å - Landevejsbroen,2022,212.4,-3.4
2020-01-01T06:26:30Z,Skjern Å - Landevejsbroen,2022,214.2,-1.7
2020-01-01T07:29:30Z,Skjern Å - Landevejsbroen,2022,214.9,-0.9
2020-01-01T08:32:30Z,Skjern Å - Landevejsbroen,2022,215.6,-0.1
2020-01-01T09:35:30Z,Skjern Å - Landevejsbroen,2022,216.4,0.6
2020-01-01T10:31:00Z,Skjern Å - Landevejsbroen,2022,217.1,1.3
2020-01-01T11:26:00Z,Skjern Å - Landevejsbroen,2022,217.4,1.6
2020-01-01T12:29:00Z,Skjern Å - Landevejsbroen,2022,218.2,2.4
2020-01-01T00:30:00Z,Skjern Å - Landevejsbroen,2023,244.1,28.3
2020-01-01T01:27:30Z,Skjern Å - Landevejsbroen,2023,244.4,28.6
2020-01-01T02:27:30Z,Skjern Å - Landevejsbroen,2023,244.2,28.4
2020-01-01T03:27:30Z,Skjern Å - Landevejsbroen,2023,244.1,28.3
2020-01-01T04:27:30Z,Skjern Å - Landevejsbroen,2023,243.9,28.1
2020-01-01T05:27:30Z,Skjern Å - Landevejsbroen,2023,243.7,27.9
2020-01-01T06:25:00Z,Skjern Å - Landevejsbroen,2023,243.9,28.1
2020-01-01T07:22:30Z,Skjern Å - Landevejsbroen,2023,243.4,27.6
2020-01-01T08:32:30Z,Skjern Å - Landevejsbroen,2023,242.4,26.6
2020-01-01T09:25:00Z,Skjern Å - Landevejsbroen,2023,242.5,26.7
2020-01-01T10:32:30Z,Skjern Å - Landevejsbroen,2023,241.8,26
2020-01-01T11:32:30Z,Skjern Å - Landevejsbroen,2023,242.7,26.9
2020-01-01T12:30:00Z,Skjern Å - Landevejsbroen,2023,242.3,26.5
2020-01-01T00:27:30Z,Skjern Å - Landevejsbroen,2024,255.3,39.5
2020-01-01T01:27:30Z,Skjern Å - Landevejsbroen,2024,254.8,39
2020-01-01T02:27:30Z,Skjern Å - Landevejsbroen,2024,254.4,38.6
2020-01-01T03:27:30Z,Skjern Å - Landevejsbroen,2024,254.4,38.6
2020-01-01T04:27:30Z,Skjern Å - Landevejsbroen,2024,254.4,38.6
2020-01-01T05:30:30Z,Skjern Å - Landevejsbroen,2024,253.9,38.1
2020-01-01T06:30:30Z,Skjern Å - Landevejsbroen,2024,254.2,38.4
2020-01-01T07:30:30Z,Skjern Å - Landevejsbroen,2024,253.9,38.1
2020-01-01T08:30:30Z,Skjern Å - Landevejsbroen,2024,253.6,37.9
2020-01-01T09:30:30Z,Skjern Å - Landevejsbroen,2024,253.4,37.6
2020-01-01T10:30:30Z,Skjern Å - Landevejsbroen,2024,253.3,37.5
2020-01-01T11:30:30Z,Skjern Å - Landevejsbroen,2024,253.1,37.4
2020-01-01T12:30:30Z,Skjern Å - Landevejsbroen,2024,253,37.2
2020-01-01T13:13:00Z,Skjern Å - Landevejsbroen,2024,252.6,36.8
2020-01-01T00:22:30Z,Skjern Å - Sandfeldvej,2018,2830.9,39.8
2020-01-01T01:22:30Z,Skjern Å - Sandfeldvej,2018,2831.4,40.4
2020-01-01T02:22:30Z,Skjern Å - Sandfeldvej,2018,2832.3,41.1
2020-01-01T03:22:30Z,Skjern Å - Sandfeldvej,2018,2832.5,41.4
2020-01-01T04:22:30Z,Skjern Å - Sandfeldvej,2018,2832.6,41.4
2020-01-01T05:22:30Z,Skjern Å - Sandfeldvej,2018,2832.9,41.8
2020-01-01T06:22:30Z,Skjern Å - Sandfeldvej,2018,2833.7,42.6
2020-01-01T07:22:30Z,Skjern Å - Sandfeldvej,2018,2834.2,43.1
2020-01-01T08:22:30Z,Skjern Å - Sandfeldvej,2018,2834.9,43.8
2020-01-01T09:22:30Z,Skjern Å - Sandfeldvej,2018,2835.7,44.6
2020-01-01T10:22:30Z,Skjern Å - Sandfeldvej,2018,2837,45.9
2020-01-01T11:22:30Z,Skjern Å - Sandfeldvej,2018,2837.9,46.8
2020-01-01T12:22:30Z,Skjern Å - Sandfeldvej,2018,2839.2,48.1
2020-01-01T13:22:30Z,Skjern Å - Sandfeldvej,2018,2840,48.9
2020-01-01T14:22:30Z,Skjern Å - Sandfeldvej,2018,2840.9,49.8
2020-01-01T15:22:30Z,Skjern Å - Sandfeldvej,2018,2841.6,50.5
2020-01-01T16:22:30Z,Skjern Å - Sandfeldvej,2018,2842.5,51.4
2020-01-01T17:22:30Z,Skjern Å - Sandfeldvej,2018,2843.6,52.6
2020-01-01T18:22:30Z,Skjern Å - Sandfeldvej,2018,2844.6,53.5
2020-01-01T19:22:30Z,Skjern Å - Sandfeldvej,2018,2845.7,54.6
2020-01-01T20:22:30Z,Skjern Å - Sandfeldvej,2018,2846.8,55.7
2020-01-01T21:22:30Z,Skjern Å - Sandfeldvej,2018,2848.2,57.1
2020-01-01T22:22:30Z,Skjern Å - Sandfeldvej,2018,2849.6,58.5
2020-01-01T23:22:30Z,Skjern Å - Sandfeldvej,2018,2851,59.9
2020-01-01T00:22:30Z,Skjern Å - Sandfeldvej,2020,2810.4,19.2
2020-01-01T01:22:30Z,Skjern Å - Sandfeldvej,2020,2809.8,18.7
2020-01-01T02:22:30Z,Skjern Å - Sandfeldvej,2020,2809.2,18.1
2020-01-01T03:22:30Z,Skjern Å - Sandfeldvej,2020,2808.7,17.6
2020-01-01T04:22:30Z,Skjern Å - Sandfeldvej,2020,2807.8,16.8
2020-01-01T05:22:30Z,Skjern Å - Sandfeldvej,2020,2807,15.8
2020-01-01T06:22:30Z,Skjern Å - Sandfeldvej,2020,2806,14.9
2020-01-01T07:22:30Z,Skjern Å - Sandfeldvej,2020,2805.2,14
2020-01-01T08:22:30Z,Skjern Å - Sandfeldvej,2020,2804.4,13.3
2020-01-01T09:22:30Z,Skjern Å - Sandfeldvej,2020,2803.8,12.8
2020-01-01T10:22:30Z,Skjern Å - Sandfeldvej,2020,2803.5,12.4
2020-01-01T11:22:30Z,Skjern Å - Sandfeldvej,2020,2803.2,12.1
2020-01-01T12:22:30Z,Skjern Å - Sandfeldvej,2020,2802.9,11.8
2020-01-01T13:22:30Z,Skjern Å - Sandfeldvej,2020,2802.9,11.8
2020-01-01T14:22:30Z,Skjern Å - Sandfeldvej,2020,2802.7,11.6
2020-01-01T15:22:30Z,Skjern Å - Sandfeldvej,2020,2802.8,11.7
2020-01-01T16:22:30Z,Skjern Å - Sandfeldvej,2020,2802.8,11.7
2020-01-01T17:22:30Z,Skjern Å - Sandfeldvej,2020,2802.8,11.7
2020-01-01T18:22:30Z,Skjern Å - Sandfeldvej,2020,2802.8,11.7
2020-01-01T19:22:30Z,Skjern Å - Sandfeldvej,2020,2802.7,11.7
2020-01-01T20:22:30Z,Skjern Å - Sandfeldvej,2020,2802.7,11.6
2020-01-01T21:22:30Z,Skjern Å - Sandfeldvej,2020,2802.8,11.7
2020-01-01T22:22:30Z,Skjern Å - Sandfeldvej,2020,2802.8,11.7
2020-01-01T23:22:30Z,Skjern Å - Sandfeldvej,2020,2802.7,11.6
2020-01-01T00:22:30Z,Skjern Å - Sandfeldvej,2021,2809.5,18.4
2020-01-01T01:22:30Z,Skjern Å - Sandfeldvej,2021,2810.9,19.9
2020-01-01T02:22:30Z,Skjern Å - Sandfeldvej,2021,2812.2,21.1
2020-01-01T03:22:30Z,Skjern Å - Sandfeldvej,2021,2813.5,22.4
2020-01-01T04:22:30Z,Skjern Å - Sandfeldvej,2021,2814.5,23.4
2020-01-01T05:22:30Z,Skjern Å - Sandfeldvej,2021,2815.4,24.3
2020-01-01T06:22:30Z,Skjern Å - Sandfeldvej,2021,2816.3,25.2
2020-01-01T07:22:30Z,Skjern Å - Sandfeldvej,2021,2817.1,26
2020-01-01T08:22:30Z,Skjern Å - Sandfeldvej,2021,2817.8,26.7
2020-01-01T09:22:30Z,Skjern Å - Sandfeldvej,2021,2818.3,27.3
2020-01-01T10:22:30Z,Skjern Å - Sandfeldvej,2021,2818.8,27.7
2020-01-01T11:22:30Z,Skjern Å - Sandfeldvej,2021,2819.2,28.1
2020-01-01T12:22:30Z,Skjern Å - Sandfeldvej,2021,2819.4,28.3
2020-01-01T13:22:30Z,Skjern Å - Sandfeldvej,2021,2819.6,28.5
2020-01-01T14:22:30Z,Skjern Å - Sandfeldvej,2021,2819.6,28.5
2020-01-01T15:22:30Z,Skjern Å - Sandfeldvej,2021,2819.5,28.4
2020-01-01T16:22:30Z,Skjern Å - Sandfeldvej,2021,2819.3,28.2
2020-01-01T17:22:30Z,Skjern Å - Sandfeldvej,2021,2818.9,27.8
2020-01-01T18:22:30Z,Skjern Å - Sandfeldvej,2021,2818.7,27.6
2020-01-01T19:22:30Z,Skjern Å - Sandfeldvej,2021,2818.3,27.2
2020-01-01T20:22:30Z,Skjern Å - Sandfeldvej,2021,2817.8,26.7
2020-01-01T21:22:30Z,Skjern Å - Sandfeldvej,2021,2817.2,26.1
2020-01-01T22:22:30Z,Skjern Å - Sandfeldvej,2021,2816.5,25.4
2020-01-01T23:22:30Z,Skjern Å - Sandfeldvej,2021,2815.8,24.7
2020-01-01T00:22:30Z,Skjern Å - Sandfeldvej,2022,2797.7,6.7
2020-01-01T01:22:30Z,Skjern Å - Sandfeldvej,2022,2798.1,7
2020-01-01T02:22:30Z,Skjern Å - Sandfeldvej,2022,2798.4,7.3
2020-01-01T03:22:30Z,Skjern Å - Sandfeldvej,2022,2798.4,7.3
2020-01-01T04:22:30Z,Skjern Å - Sandfeldvej,2022,2798.4,7.3
2020-01-01T05:22:30Z,Skjern Å - Sandfeldvej,2022,2798.3,7.2
2020-01-01T06:22:30Z,Skjern Å - Sandfeldvej,2022,2798.2,7.1
2020-01-01T07:22:30Z,Skjern Å - Sandfeldvej,2022,2798,6.9
2020-01-01T08:22:30Z,Skjern Å - Sandfeldvej,2022,2797.7,6.6
2020-01-01T09:22:30Z,Skjern Å - Sandfeldvej,2022,2797.2,6.1
2020-01-01T10:22:30Z,Skjern Å - Sandfeldvej,2022,2796.6,5.5
2020-01-01T11:22:30Z,Skjern Å - Sandfeldvej,2022,2796,4.9
2020-01-01T12:22:30Z,Skjern Å - Sandfeldvej,2022,2795.3,4.2
2020-01-01T13:22:30Z,Skjern Å - Sandfeldvej,2022,2794.7,3.6
2020-01-01T14:22:30Z,Skjern Å - Sandfeldvej,2022,2793.9,2.9
2020-01-01T15:22:30Z,Skjern Å - Sandfeldvej,2022,2793.1,2
2020-01-01T16:22:30Z,Skjern Å - Sandfeldvej,2022,2792.4,1.3
2020-01-01T17:22:30Z,Skjern Å - Sandfeldvej,2022,2791.6,0.5
2020-01-01T18:22:30Z,Skjern Å - Sandfeldvej,2022,2791,-0.1
2020-01-01T19:22:30Z,Skjern Å - Sandfeldvej,2022,2790.5,-0.6
2020-01-01T20:22:30Z,Skjern Å - Sandfeldvej,2022,2790.4,-0.7
2020-01-01T21:22:30Z,Skjern Å - Sandfeldvej,2022,2790.2,-0.9
2020-01-01T22:22:30Z,Skjern Å - Sandfeldvej,2022,2790,-1.1
2020-01-01T23:22:30Z,Skjern Å - Sandfeldvej,2022,2789.9,-1.1
2020-01-01T00:25:00Z,Skjern Å - Sandfeldvej,2023,2814.5,23.4
2020-01-01T01:25:00Z,Skjern Å - Sandfeldvej,2023,2815.1,24
2020-01-01T02:25:00Z,Skjern Å - Sandfeldvej,2023,2815.5,24.4
2020-01-01T03:25:00Z,Skjern Å - Sandfeldvej,2023,2815.8,24.7
2020-01-01T04:25:00Z,Skjern Å - Sandfeldvej,2023,2816,24.9
2020-01-01T05:25:00Z,Skjern Å - Sandfeldvej,2023,2816.5,25.4
2020-01-01T06:25:00Z,Skjern Å - Sandfeldvej,2023,2817,26
2020-01-01T07:25:00Z,Skjern Å - Sandfeldvej,2023,2817.8,26.7
2020-01-01T08:25:00Z,Skjern Å - Sandfeldvej,2023,2818.8,27.7
2020-01-01T09:25:00Z,Skjern Å - Sandfeldvej,2023,2820,28.9
2020-01-01T10:25:00Z,Skjern Å - Sandfeldvej,2023,2821,29.9
2020-01-01T11:25:00Z,Skjern Å - Sandfeldvej,2023,2821.9,30.8
2020-01-01T12:25:00Z,Skjern Å - Sandfeldvej,2023,2822.7,31.6
2020-01-01T13:25:00Z,Skjern Å - Sandfeldvej,2023,2823.5,32.4
2020-01-01T14:25:00Z,Skjern Å - Sandfeldvej,2023,2824.2,33.1
2020-01-01T15:25:00Z,Skjern Å - Sandfeldvej,2023,2825,33.9
2020-01-01T16:25:00Z,Skjern Å - Sandfeldvej,2023,2825.4,34.3
2020-01-01T17:25:00Z,Skjern Å - Sandfeldvej,2023,2825.9,34.8
2020-01-01T18:25:00Z,Skjern Å - Sandfeldvej,2023,2826.3,35.2
2020-01-01T19:25:00Z,Skjern Å - Sandfeldvej,2023,2826.6,35.5
2020-01-01T20:25:00Z,Skjern Å - Sandfeldvej,2023,2826.8,35.7
2020-01-01T21:25:00Z,Skjern Å - Sandfeldvej,2023,2827,35.9
2020-01-01T22:25:00Z,Skjern Å - Sandfeldvej,2023,2827.2,36.1
2020-01-01T23:25:00Z,Skjern Å - Sandfeldvej,2023,2827.3,36.2
